index_name,variable,denominator,total_posts,n,mean,standard_deviation,minimum,percentile_25,median,percentile_75,maximum,maximum_date
EURO_STOXX_50,sentiment,populated trading days only,,403,-0.10619503971762892,0.20358981428528422,-0.8755818214267492,-0.21563384829413684,-0.1079729345136489,0.005618623561126032,0.9095829371362923,2021-10-04
EURO_STOXX_50,attention,complete market trading calendar,1503.0,759,1.9802371541501975,4.591879886664261,0.0,0.0,1.0,2.0,58.0,2022-02-28
DAX,sentiment,populated trading days only,,408,-0.10483857962578265,0.20411071028226152,-0.8755818214267492,-0.2161511514445463,-0.10395082410182364,0.006088062224418016,0.9095829371362923,2021-10-04
DAX,attention,complete market trading calendar,1503.0,767,1.9595827900912646,4.564842812631957,0.0,0.0,1.0,2.0,58.0,2022-02-28
CAC_40,sentiment,populated trading days only,,409,-0.10485067276573153,0.20392983142947096,-0.8755818214267492,-0.2157598350729261,-0.10153691248821739,0.006073465932608028,0.9095829371362923,2021-10-04
CAC_40,attention,complete market trading calendar,1503.0,770,1.9519480519480519,4.557282013119535,0.0,0.0,1.0,2.0,58.0,2022-02-28
FTSE_100,sentiment,populated trading days only,,399,-0.1061142083171205,0.20104112969235824,-0.8755818214267492,-0.21515679818979222,-0.1063647357154299,0.00501281414208225,0.9095829371362923,2021-10-04
FTSE_100,attention,complete market trading calendar,1503.0,754,1.993368700265252,4.626123472678168,0.0,0.0,1.0,2.0,58.0,2022-02-28
WIG20,sentiment,populated trading days only,,404,-0.10460908119245108,0.20463425887630635,-0.8755818214267492,-0.2161511514445463,-0.10104256837384472,0.0061509084022467716,0.9095829371362923,2021-10-04
WIG20,attention,complete market trading calendar,1503.0,752,1.9986702127659575,4.61615854010603,0.0,0.0,1.0,2.0,58.0,2022-02-28
