filename,phase,type,classification,recommended_location,purpose,main_variable_or_topic,units,sample_definition,status
outputs/diagnostics/alignment_timing_review_sample.csv,Phase 6,table or diagnostic CSV,APPENDIX / TECHNICAL DIAGNOSTIC,technical_qc,alignment timing review sample,trading-day alignment,"counts, shares, or explicitly labelled variables",post-level mapping to each market's actual trading calendar,retained supporting artifact
outputs/diagnostics/alignment_weighting_validation.csv,Phase 6,table or diagnostic CSV,APPENDIX / TECHNICAL DIAGNOSTIC,technical_qc,alignment weighting validation,trading-day alignment,units stated in the artifact or not applicable,post-level mapping to each market's actual trading calendar,retained supporting artifact
outputs/diagnostics/daily_reddit_extremes.csv,Phase 4C,table or diagnostic CSV,REDUNDANT / INTERNAL QC,technical_qc,daily reddit extremes,Reddit sample,units stated in the artifact or not applicable,"1,503 final posts or complete 1,095-day calendar, as labelled",retained internal validation artifact
outputs/diagnostics/daily_reddit_sentiment_summary.csv,Phase 4B,table or diagnostic CSV,APPENDIX / TECHNICAL DIAGNOSTIC,technical_qc,daily reddit sentiment summary,Reddit sentiment,positive probability minus negative probability where applicable,"1,503 final posts or complete 1,095-day calendar, as labelled",retained supporting artifact
outputs/diagnostics/descriptive_results_validation.csv,Phase 4C,table or diagnostic CSV,APPENDIX / TECHNICAL DIAGNOSTIC,technical_qc,descriptive results validation,active pipeline,units stated in the artifact or not applicable,"1,503 final posts or complete 1,095-day calendar, as labelled",retained supporting artifact
outputs/diagnostics/final_reproducibility_audit.csv,Phase 8,table or diagnostic CSV,APPENDIX / TECHNICAL DIAGNOSTIC,technical_qc,final reproducibility audit,reproducibility,units stated in the artifact or not applicable,frozen approved evidence from Phases 2-7,retained supporting artifact
outputs/diagnostics/finbert_class_distribution.csv,Phase 4A,table or diagnostic CSV,APPENDIX / TECHNICAL DIAGNOSTIC,technical_qc,finbert class distribution,final empirical workflow,units stated in the artifact or not applicable,"1,503 final posts or complete 1,095-day calendar, as labelled",retained supporting artifact
outputs/diagnostics/finbert_development_sample.csv,Phase 4A,table or diagnostic CSV,REDUNDANT / INTERNAL QC,technical_qc,finbert development sample,final empirical workflow,"counts, shares, or explicitly labelled variables","1,503 final posts or complete 1,095-day calendar, as labelled",retained internal validation artifact
outputs/diagnostics/finbert_inference_benchmark.csv,Phase 4A,table or diagnostic CSV,REDUNDANT / INTERNAL QC,technical_qc,finbert inference benchmark,final empirical workflow,units stated in the artifact or not applicable,"1,503 final posts or complete 1,095-day calendar, as labelled",retained internal validation artifact
outputs/diagnostics/finbert_review_sample.csv,Phase 4A,table or diagnostic CSV,REDUNDANT / INTERNAL QC,technical_qc,finbert review sample,final empirical workflow,"counts, shares, or explicitly labelled variables","1,503 final posts or complete 1,095-day calendar, as labelled",retained internal validation artifact
outputs/diagnostics/finbert_sentiment_summary.csv,Phase 4A,table or diagnostic CSV,APPENDIX / TECHNICAL DIAGNOSTIC,technical_qc,finbert sentiment summary,Reddit sentiment,positive probability minus negative probability where applicable,"1,503 final posts or complete 1,095-day calendar, as labelled",retained supporting artifact
outputs/diagnostics/garch_model_diagnostics.csv,Phase 5,table or diagnostic CSV,APPENDIX / TECHNICAL DIAGNOSTIC,technical_qc,garch model diagnostics,GARCH conditional volatility,percentage-return conditional standard-deviation units where applicable,"five market-specific trading calendars, 2021-2023",retained supporting artifact
outputs/diagnostics/market_data_summary.csv,Phase 2,table or diagnostic CSV,APPENDIX / TECHNICAL DIAGNOSTIC,technical_qc,market data summary,equity-market data,units stated in the artifact or not applicable,sample stated in the artifact,retained supporting artifact
outputs/diagnostics/reddit_candidate_corpus_profile.csv,Phase 3A,table or diagnostic CSV,APPENDIX / TECHNICAL DIAGNOSTIC,technical_qc,reddit candidate corpus profile,Reddit sample,units stated in the artifact or not applicable,"Reddit candidate or final post sample, 2021-01-01 to 2023-12-31",retained supporting artifact
outputs/diagnostics/reddit_cleaning_summary.csv,Phase 3B,table or diagnostic CSV,APPENDIX / TECHNICAL DIAGNOSTIC,technical_qc,reddit cleaning summary,Reddit sample,units stated in the artifact or not applicable,"Reddit candidate or final post sample, 2021-01-01 to 2023-12-31",retained supporting artifact
outputs/diagnostics/reddit_combined_query_differences.csv,Phase 3A,table or diagnostic CSV,REDUNDANT / INTERNAL QC,technical_qc,reddit combined query differences,Reddit sample,units stated in the artifact or not applicable,"Reddit candidate or final post sample, 2021-01-01 to 2023-12-31",retained internal validation artifact
outputs/diagnostics/reddit_combined_query_validation.csv,Phase 3A,table or diagnostic CSV,APPENDIX / TECHNICAL DIAGNOSTIC,technical_qc,reddit combined query validation,Reddit sample,units stated in the artifact or not applicable,"Reddit candidate or final post sample, 2021-01-01 to 2023-12-31",retained supporting artifact
outputs/diagnostics/reddit_extraction_summary.csv,Phase 3A,table or diagnostic CSV,APPENDIX / TECHNICAL DIAGNOSTIC,technical_qc,reddit extraction summary,Reddit sample,units stated in the artifact or not applicable,"Reddit candidate or final post sample, 2021-01-01 to 2023-12-31",retained supporting artifact
outputs/diagnostics/reddit_filter_excluded_review.csv,Phase 3B,table or diagnostic CSV,REDUNDANT / INTERNAL QC,technical_qc,reddit filter excluded review,Reddit sample,units stated in the artifact or not applicable,"Reddit candidate or final post sample, 2021-01-01 to 2023-12-31",retained internal validation artifact
outputs/diagnostics/reddit_filter_included_review.csv,Phase 3B,table or diagnostic CSV,REDUNDANT / INTERNAL QC,technical_qc,reddit filter included review,Reddit sample,units stated in the artifact or not applicable,"Reddit candidate or final post sample, 2021-01-01 to 2023-12-31",retained internal validation artifact
outputs/diagnostics/reddit_language_validation.csv,Phase 3B,table or diagnostic CSV,APPENDIX / TECHNICAL DIAGNOSTIC,technical_qc,reddit language validation,Reddit sample,units stated in the artifact or not applicable,"Reddit candidate or final post sample, 2021-01-01 to 2023-12-31",retained supporting artifact
outputs/diagnostics/reddit_query_summary.csv,Phase 3A,table or diagnostic CSV,APPENDIX / TECHNICAL DIAGNOSTIC,technical_qc,reddit query summary,Reddit sample,units stated in the artifact or not applicable,"Reddit candidate or final post sample, 2021-01-01 to 2023-12-31",retained supporting artifact
outputs/diagnostics/reddit_relevance_filter_dry_run.csv,Phase 3B,table or diagnostic CSV,REDUNDANT / INTERNAL QC,technical_qc,reddit relevance filter dry run,Reddit sample,units stated in the artifact or not applicable,"Reddit candidate or final post sample, 2021-01-01 to 2023-12-31",retained internal validation artifact
outputs/diagnostics/reddit_relevance_review_sample.csv,Phase 3A,table or diagnostic CSV,REDUNDANT / INTERNAL QC,technical_qc,reddit relevance review sample,Reddit sample,"counts, shares, or explicitly labelled variables","Reddit candidate or final post sample, 2021-01-01 to 2023-12-31",retained internal validation artifact
outputs/diagnostics/reddit_relevance_rule_comparison.csv,Phase 3B,table or diagnostic CSV,APPENDIX / TECHNICAL DIAGNOSTIC,technical_qc,reddit relevance rule comparison,Reddit sample,units stated in the artifact or not applicable,"Reddit candidate or final post sample, 2021-01-01 to 2023-12-31",retained supporting artifact
outputs/diagnostics/reddit_rule_newly_excluded_review.csv,Phase 3B,table or diagnostic CSV,REDUNDANT / INTERNAL QC,technical_qc,reddit rule newly excluded review,Reddit sample,units stated in the artifact or not applicable,"Reddit candidate or final post sample, 2021-01-01 to 2023-12-31",retained internal validation artifact
outputs/diagnostics/reddit_rule_newly_included_review.csv,Phase 3B,table or diagnostic CSV,REDUNDANT / INTERNAL QC,technical_qc,reddit rule newly included review,Reddit sample,units stated in the artifact or not applicable,"Reddit candidate or final post sample, 2021-01-01 to 2023-12-31",retained internal validation artifact
outputs/diagnostics/reddit_trading_day_mapping.csv,Phase 6,table or diagnostic CSV,APPENDIX / TECHNICAL DIAGNOSTIC,technical_qc,reddit trading day mapping,Reddit sample,units stated in the artifact or not applicable,post-level mapping to each market's actual trading calendar,retained supporting artifact
outputs/diagnostics/regression_model_validation.csv,Phase 7,table or diagnostic CSV,APPENDIX / TECHNICAL DIAGNOSTIC,technical_qc,regression model validation,OLS-HAC regression,units stated in the artifact or not applicable,market-specific eligible samples (N = 397-407),retained supporting artifact
outputs/diagnostics/sentiment_missingness_transitions.csv,Phase 6,table or diagnostic CSV,APPENDIX / TECHNICAL DIAGNOSTIC,technical_qc,sentiment missingness transitions,Reddit sentiment,positive probability minus negative probability where applicable,post-level mapping to each market's actual trading calendar,retained supporting artifact
outputs/diagnostics/trading_day_alignment_validation.csv,Phase 6,table or diagnostic CSV,APPENDIX / TECHNICAL DIAGNOSTIC,technical_qc,trading day alignment validation,trading-day alignment,units stated in the artifact or not applicable,post-level mapping to each market's actual trading calendar,retained supporting artifact
outputs/figures/daily_reddit_attention.png,Phase 4C,figure,APPENDIX / TECHNICAL DIAGNOSTIC,appendix,daily reddit attention,Reddit attention,"counts, shares, or explicitly labelled variables","1,503 final posts or complete 1,095-day calendar, as labelled",retained supporting artifact
outputs/figures/daily_reddit_sentiment.png,Phase 4C,figure,MAIN THESIS,main_text,daily reddit sentiment,Reddit sentiment,positive probability minus negative probability where applicable,"1,503 final posts or complete 1,095-day calendar, as labelled",recommended
outputs/figures/finbert_label_distribution.png,Phase 4C,figure,MAIN THESIS,main_text,finbert label distribution,final empirical workflow,units stated in the artifact or not applicable,"1,503 final posts or complete 1,095-day calendar, as labelled",recommended
outputs/figures/finbert_sentiment_score_distribution.png,Phase 4C,figure,APPENDIX / TECHNICAL DIAGNOSTIC,appendix,finbert sentiment score distribution,Reddit sentiment,positive probability minus negative probability where applicable,"1,503 final posts or complete 1,095-day calendar, as labelled",retained supporting artifact
outputs/figures/garch_conditional_volatility.png,Phase 5,figure,MAIN THESIS,main_text,garch conditional volatility,GARCH conditional volatility,percentage-return conditional standard-deviation units where applicable,"five market-specific trading calendars, 2021-2023",recommended
outputs/figures/market_aligned_attention.png,Phase 6,figure,APPENDIX / TECHNICAL DIAGNOSTIC,appendix,market aligned attention,Reddit attention,"counts, shares, or explicitly labelled variables",post-level mapping to each market's actual trading calendar,retained supporting artifact
outputs/figures/market_log_returns.png,Phase 5,figure,APPENDIX / TECHNICAL DIAGNOSTIC,appendix,market log returns,equity-market data,decimal log returns and/or percentage-return units as explicitly labelled,"five market-specific trading calendars, 2021-2023",retained supporting artifact
outputs/figures/market_price_levels_qc.png,Phase 4C,figure,APPENDIX / TECHNICAL DIAGNOSTIC,appendix,market price levels qc,equity-market data,units stated in the artifact or not applicable,"1,503 final posts or complete 1,095-day calendar, as labelled",retained supporting artifact
outputs/figures/reddit_sample_composition.png,Phase 4C,figure,MAIN THESIS,main_text,reddit sample composition,Reddit sample,"counts, shares, or explicitly labelled variables","1,503 final posts or complete 1,095-day calendar, as labelled",recommended
outputs/figures/sentiment_coefficient_comparison.png,Phase 7,figure,MAIN THESIS,main_text,sentiment coefficient comparison,Reddit sentiment,positive probability minus negative probability where applicable,market-specific eligible samples (N = 397-407),recommended
outputs/final_results_review.md,Phase 8,researcher synthesis note,APPENDIX / TECHNICAL DIAGNOSTIC,appendix,final results review,final empirical workflow,units stated in the artifact or not applicable,frozen approved evidence from Phases 2-7,retained supporting artifact
outputs/tables/active_script_inventory.csv,Phase 8,table or diagnostic CSV,APPENDIX / TECHNICAL DIAGNOSTIC,technical_qc,active script inventory,active pipeline,units stated in the artifact or not applicable,frozen approved evidence from Phases 2-7,retained supporting artifact
outputs/tables/aligned_reddit_descriptives.csv,Phase 6,table or diagnostic CSV,APPENDIX / TECHNICAL DIAGNOSTIC,appendix,aligned reddit descriptives,Reddit sample,units stated in the artifact or not applicable,post-level mapping to each market's actual trading calendar,retained supporting artifact
outputs/tables/alignment_sample_sizes.csv,Phase 6,table or diagnostic CSV,APPENDIX / TECHNICAL DIAGNOSTIC,appendix,alignment sample sizes,trading-day alignment,"counts, shares, or explicitly labelled variables",post-level mapping to each market's actual trading calendar,retained supporting artifact
outputs/tables/daily_reddit_descriptives.csv,Phase 4C,table or diagnostic CSV,MAIN THESIS,main_text,daily reddit descriptives,Reddit sample,units stated in the artifact or not applicable,"1,503 final posts or complete 1,095-day calendar, as labelled",recommended
outputs/tables/final_methodological_limitations.csv,Phase 8,table or diagnostic CSV,MAIN THESIS,main_text,final methodological limitations,methodological limitations,units stated in the artifact or not applicable,frozen approved evidence from Phases 2-7,recommended
outputs/tables/final_regression_table.csv,Phase 8,table or diagnostic CSV,MAIN THESIS,main_text,final regression table,OLS-HAC regression,units stated in the artifact or not applicable,frozen approved evidence from Phases 2-7,recommended
outputs/tables/final_sample_overview.csv,Phase 8,table or diagnostic CSV,MAIN THESIS,main_text,final sample overview,final empirical workflow,"counts, shares, or explicitly labelled variables",frozen approved evidence from Phases 2-7,recommended
outputs/tables/final_sentiment_results_summary.csv,Phase 8,table or diagnostic CSV,MAIN THESIS,main_text,final sentiment results summary,Reddit sentiment,positive probability minus negative probability where applicable,frozen approved evidence from Phases 2-7,recommended
outputs/tables/final_thesis_output_manifest.csv,Phase 8,table or diagnostic CSV,APPENDIX / TECHNICAL DIAGNOSTIC,technical_qc,final thesis output manifest,final empirical workflow,units stated in the artifact or not applicable,frozen approved evidence from Phases 2-7,retained supporting artifact
outputs/tables/finbert_post_sentiment_descriptives.csv,Phase 4C,table or diagnostic CSV,MAIN THESIS,main_text,finbert post sentiment descriptives,Reddit sentiment,positive probability minus negative probability where applicable,"1,503 final posts or complete 1,095-day calendar, as labelled",recommended
outputs/tables/finbert_processing_diagnostics.csv,Phase 4C,table or diagnostic CSV,APPENDIX / TECHNICAL DIAGNOSTIC,appendix,finbert processing diagnostics,final empirical workflow,units stated in the artifact or not applicable,"1,503 final posts or complete 1,095-day calendar, as labelled",retained supporting artifact
outputs/tables/garch_parameters.csv,Phase 5,table or diagnostic CSV,MAIN THESIS,main_text,garch parameters,GARCH conditional volatility,percentage-return conditional standard-deviation units where applicable,"five market-specific trading calendars, 2021-2023",recommended
outputs/tables/garch_volatility_descriptives.csv,Phase 5,table or diagnostic CSV,MAIN THESIS,main_text,garch volatility descriptives,GARCH conditional volatility,percentage-return conditional standard-deviation units where applicable,"five market-specific trading calendars, 2021-2023",recommended
outputs/tables/market_price_coverage.csv,Phase 4C,table or diagnostic CSV,APPENDIX / TECHNICAL DIAGNOSTIC,appendix,market price coverage,equity-market data,units stated in the artifact or not applicable,"1,503 final posts or complete 1,095-day calendar, as labelled",retained supporting artifact
outputs/tables/market_return_descriptives.csv,Phase 5,table or diagnostic CSV,MAIN THESIS,main_text,market return descriptives,equity-market data,decimal log returns and/or percentage-return units as explicitly labelled,"five market-specific trading calendars, 2021-2023",recommended
outputs/tables/reddit_sample_composition.csv,Phase 4C,table or diagnostic CSV,APPENDIX / TECHNICAL DIAGNOSTIC,appendix,reddit sample composition,Reddit sample,"counts, shares, or explicitly labelled variables","1,503 final posts or complete 1,095-day calendar, as labelled",retained supporting artifact
outputs/tables/reddit_sample_construction.csv,Phase 4C,table or diagnostic CSV,MAIN THESIS,main_text,reddit sample construction,Reddit sample,"counts, shares, or explicitly labelled variables","1,503 final posts or complete 1,095-day calendar, as labelled",recommended
outputs/tables/regression_coefficients_long.csv,Phase 7,table or diagnostic CSV,APPENDIX / TECHNICAL DIAGNOSTIC,appendix,regression coefficients long,OLS-HAC regression,units stated in the artifact or not applicable,market-specific eligible samples (N = 397-407),retained supporting artifact
outputs/tables/regression_results.csv,Phase 7,table or diagnostic CSV,MAIN THESIS,main_text,regression results,OLS-HAC regression,units stated in the artifact or not applicable,market-specific eligible samples (N = 397-407),authoritative frozen source
outputs/tables/regression_sample_descriptives.csv,Phase 7,table or diagnostic CSV,APPENDIX / TECHNICAL DIAGNOSTIC,appendix,regression sample descriptives,OLS-HAC regression,"counts, shares, or explicitly labelled variables",market-specific eligible samples (N = 397-407),retained supporting artifact
outputs/tables/regression_sample_support.csv,Phase 6,table or diagnostic CSV,APPENDIX / TECHNICAL DIAGNOSTIC,appendix,regression sample support,OLS-HAC regression,"counts, shares, or explicitly labelled variables",post-level mapping to each market's actual trading calendar,retained supporting artifact
outputs/tables/regression_sample_year_composition.csv,Phase 7,table or diagnostic CSV,APPENDIX / TECHNICAL DIAGNOSTIC,appendix,regression sample year composition,OLS-HAC regression,"counts, shares, or explicitly labelled variables",market-specific eligible samples (N = 397-407),retained supporting artifact
outputs/tables/research_question_summary.csv,Phase 8,table or diagnostic CSV,MAIN THESIS,main_text,research question summary,"RQ1, RQ2, and H1",units stated in the artifact or not applicable,frozen approved evidence from Phases 2-7,recommended
outputs/tables/sentiment_coefficient_comparison.csv,Phase 7,table or diagnostic CSV,APPENDIX / TECHNICAL DIAGNOSTIC,appendix,sentiment coefficient comparison,Reddit sentiment,positive probability minus negative probability where applicable,market-specific eligible samples (N = 397-407),retained supporting artifact
outputs/tables/sentiment_weighting_comparison.csv,Phase 4C,table or diagnostic CSV,APPENDIX / TECHNICAL DIAGNOSTIC,appendix,sentiment weighting comparison,Reddit sentiment,positive probability minus negative probability where applicable,"1,503 final posts or complete 1,095-day calendar, as labelled",retained supporting artifact
outputs/tables/trading_day_coverage.csv,Phase 6,table or diagnostic CSV,APPENDIX / TECHNICAL DIAGNOSTIC,appendix,trading day coverage,final empirical workflow,units stated in the artifact or not applicable,post-level mapping to each market's actual trading calendar,retained supporting artifact
outputs/tables/trading_day_mapping_reconciliation.csv,Phase 6,table or diagnostic CSV,APPENDIX / TECHNICAL DIAGNOSTIC,appendix,trading day mapping reconciliation,trading-day mapping,units stated in the artifact or not applicable,post-level mapping to each market's actual trading calendar,retained supporting artifact
outputs/tables/yearly_regression_support.csv,Phase 6,table or diagnostic CSV,APPENDIX / TECHNICAL DIAGNOSTIC,appendix,yearly regression support,OLS-HAC regression,units stated in the artifact or not applicable,post-level mapping to each market's actual trading calendar,retained supporting artifact
