"artifact_type","technical_filename","phase","main_topic","recommended_location","proposed_number","short_title","full_thesis_caption_or_title","notes","source_line","suggested_chapter","suggested_chapter_numbering","status"
"Table","outputs/tables/reddit_sample_construction.csv","Phase 4C","Reddit sample construction","main_text","Table 1","Construction of the Final Reddit Sample","Table 1. Construction of the Final Reddit Sample","The table traces the validated corpus from 3,033 candidate posts to 1,503 qualifying English-language posts from r/investing, r/stocks, and r/StockMarket. Each retained post enters the pooled sample with equal weight; neither years nor subreddits were artificially balanced.","Source: Author's calculations based on Reddit data.","Chapter 3 — Data","Table 3.1","recommended"
"Table","outputs/tables/finbert_post_sentiment_descriptives.csv","Phase 4C","Post-level FinBERT sentiment","main_text","Table 2","Descriptive Statistics of Post-Level FinBERT Sentiment","Table 2. Descriptive Statistics of Post-Level FinBERT Sentiment","Sentiment is positive probability minus negative probability and ranges from -1 to 1. Statistics use 1,503 equally weighted posts from three finance-oriented Reddit communities. Positive, neutral, and negative labels are descriptive argmax classifications based on the averaged post-level probabilities.","Source: Author's calculations based on Reddit data and FinBERT sentiment scores.","Chapter 5 — Results","Table 5.1","recommended"
"Table","outputs/tables/daily_reddit_descriptives.csv","Phase 4C","Daily Reddit sentiment and attention","main_text","Table 3","Descriptive Statistics of Daily Reddit Sentiment and Attention","Table 3. Descriptive Statistics of Daily Reddit Sentiment and Attention","Daily Reddit sentiment is the equal-weight mean of observed post-level FinBERT scores on each calendar day. Reddit attention is the daily count of qualifying posts. The calendar contains 1,095 days; zero-post days retain attention equal to zero and missing sentiment and are not treated as neutral.","Source: Author's calculations based on Reddit data and FinBERT sentiment scores.","Chapter 5 — Results","Table 5.2","recommended"
"Table","outputs/tables/garch_parameters.csv","Phase 5","GARCH model parameters","main_text","Table 4","Estimated GARCH(1,1)-Student-t Parameters","Table 4. Estimated GARCH(1,1)-Student-t Parameters","One constant-mean GARCH(1,1) model with Student-t innovations is estimated separately for each market using percentage log returns. The table reports the volatility-equation parameters and degrees of freedom; alpha plus beta summarizes estimated persistence.","Source: Author's calculations based on market data from Yahoo Finance and Stooq.","Chapter 5 — Results","Table 5.3","recommended"
"Table","outputs/tables/garch_volatility_descriptives.csv","Phase 5","GARCH conditional volatility","main_text","Table 5","Descriptive Statistics of GARCH Conditional Volatility","Table 5. Descriptive Statistics of GARCH Conditional Volatility","GARCH conditional volatility is the estimated conditional standard deviation from one constant-mean GARCH(1,1)-Student-t model per market. Values are reported in percentage-return standard-deviation units over each market's actual 2021–2023 trading dates.","Source: Author's calculations based on market data from Yahoo Finance and Stooq.","Chapter 5 — Results","Table 5.4","recommended"
"Table","outputs/tables/regression_results.csv","Phase 7","OLS-HAC regression results","main_text","Table 6","OLS-HAC Regression Results for Lagged Reddit Sentiment and Market Volatility","Table 6. OLS-HAC Regression Results for Lagged Reddit Sentiment and Market Volatility","The dependent variable is GARCH conditional volatility measured as the conditional standard deviation in percentage-return units. Models are estimated separately for each market using OLS with HAC/Newey-West standard errors and maximum lag 5. Regressors are lagged Reddit sentiment, lagged Reddit attention, lagged conditional volatility, and the lagged decimal log return. Samples are conditional on observable prior-trading-day Reddit sentiment. Estimates are associational and should not be interpreted causally.","Source: Author's calculations based on Reddit data, FinBERT sentiment scores, and market data from Yahoo Finance and Stooq.","Chapter 5 — Results","Table 5.5","recommended"
"Figure","outputs/figures/reddit_sample_composition.png","Phase 4C","Reddit sample composition","main_text","Figure 1","Composition of the Final Reddit Sample","Figure 1. Composition of the Final Reddit Sample.","The final sample contains 1,503 qualifying posts from r/investing, r/stocks, and r/StockMarket. Counts are shown by calendar year and subreddit. The sample is heavily concentrated in 2022; no balancing or fixed subreddit weighting was applied.","Source: Author's calculations based on Reddit data.","Chapter 3 — Data","Figure 3.1","recommended"
"Figure","outputs/figures/daily_reddit_sentiment.png","Phase 4C","Daily Reddit sentiment","main_text","Figure 2","Daily Reddit Sentiment during the 2021–2023 Sample Period","Figure 2. Daily Reddit Sentiment during the 2021–2023 Sample Period.","Daily Reddit sentiment is the equal-weight mean of observed post-level FinBERT scores, where each score equals positive probability minus negative probability. Zero-post days retain missing sentiment and are not treated as neutral; no filling, interpolation, or smoothing is applied.","Source: Author's calculations based on Reddit data and FinBERT sentiment scores.","Chapter 5 — Results","Figure 5.1","recommended"
"Figure","outputs/figures/finbert_label_distribution.png","Phase 4C","FinBERT descriptive classifications","main_text","Figure 3","Distribution of Post-Level FinBERT Classifications","Figure 3. Distribution of Post-Level FinBERT Classifications.","Bars show the descriptive argmax classification of the averaged post-level FinBERT probabilities for all 1,503 qualifying posts. The categories contain 106 positive, 953 neutral, and 444 negative posts. These labels are descriptive and are not alternative sentiment indices.","Source: Author's calculations based on Reddit data and FinBERT sentiment scores.","Chapter 5 — Results","Figure 5.2","recommended"
"Figure","outputs/figures/garch_conditional_volatility.png","Phase 5","GARCH conditional volatility","main_text","Figure 4","Estimated GARCH Conditional Volatility across the Five European Equity Markets","Figure 4. Estimated GARCH Conditional Volatility across the Five European Equity Markets.","Each panel shows the conditional standard deviation from a separate constant-mean GARCH(1,1) model with Student-t innovations. Values are in percentage-return standard-deviation units on observed market trading dates.","Source: Author's calculations based on market data from Yahoo Finance and Stooq.","Chapter 5 — Results","Figure 5.3","recommended"
"Figure","outputs/figures/sentiment_coefficient_comparison.png","Phase 7","Lagged sentiment coefficient comparison","main_text","Figure 5","Estimated Association between Lagged Reddit Sentiment and Conditional Market Volatility","Figure 5. Estimated Association between Lagged Reddit Sentiment and Conditional Market Volatility.","Points show the estimated OLS coefficients on lagged Reddit sentiment (sentiment_lag1) from five separate market models. Error bars represent 95% confidence intervals calculated using HAC/Newey-West standard errors with maximum lag 5; the vertical reference line denotes zero. Estimates are associational and should not be interpreted causally.","Source: Author's calculations based on Reddit data, FinBERT sentiment scores, and market data from Yahoo Finance and Stooq.","Chapter 5 — Results","Figure 5.4","recommended"
"Table","outputs/tables/reddit_sample_composition.csv","Phase 4C","Detailed Reddit sample composition","appendix","Table A1","Composition of the Final Reddit Sample by Year, Subreddit, and Text Characteristics","Table A1. Composition of the Final Reddit Sample by Year, Subreddit, and Text Characteristics","Counts and percentages describe the 1,503 qualifying posts across the three finance-oriented Reddit communities, calendar years, available text, relevance paths, and language-status categories. No balancing or resampling was used.","Source: Author's calculations based on Reddit data.","Appendix","","optional"
"Table","outputs/tables/sentiment_weighting_comparison.csv","Phase 4C","Sentiment weighting comparison","appendix","Table A2","Comparison of Post-Weighted and Populated-Day-Weighted Sentiment","Table A2. Comparison of Post-Weighted and Populated-Day-Weighted Sentiment","The post-level mean weights each of 1,503 posts equally; the populated-day mean weights each of 504 observed sentiment days equally. The comparison is descriptive and does not define an alternative sentiment index.","Source: Author's calculations based on Reddit data and FinBERT sentiment scores.","Appendix","","optional"
"Table","outputs/tables/market_price_coverage.csv","Phase 4C","Market price coverage and provenance","appendix","Table A3","Market Price Data Coverage and Sources","Table A3. Market Price Data Coverage and Sources","Coverage is reported on each index's actual trading dates. Yahoo Finance supplied adjusted closing levels for EURO STOXX 50, DAX, CAC 40, and FTSE 100. WIG20 Close observations are from Stooq, using the preserved archived response documented in the repository.","Source: Author's calculations based on market data from Yahoo Finance and Stooq; WIG20 uses the preserved archived Stooq response documented in the repository.","Appendix","","optional"
"Table","outputs/tables/market_return_descriptives.csv","Phase 5","Daily log-return descriptives","appendix","Table A4","Descriptive Statistics of Daily Log Returns","Table A4. Descriptive Statistics of Daily Log Returns","Daily log returns are calculated within each market as the logarithm of the current close level divided by the preceding close level. Decimal returns and their percentage-return transformations are reported for the actual 2021–2023 trading dates.","Source: Author's calculations based on market data from Yahoo Finance and Stooq.","Appendix","","optional"
"Table","outputs/tables/finbert_processing_diagnostics.csv","Phase 4C","FinBERT processing summary","appendix","Table A5","FinBERT Chunking and Processing Summary","Table A5. FinBERT Chunking and Processing Summary","The table documents conceptual chunks, the 120-chunk cap, tokenizer-safeguard fragments, reconstructed conceptual probability vectors, and final model inputs. Safeguard fragmentation does not change conceptual-chunk weighting in the post-level average.","Source: Author's calculations based on Reddit data and FinBERT processing diagnostics.","Appendix","","optional"
"Table","outputs/tables/trading_day_mapping_reconciliation.csv","Phase 6","Trading-day mapping reconciliation","appendix","Table A6","Trading-Day Mapping Reconciliation by Market","Table A6. Trading-Day Mapping Reconciliation by Market","Each of the 1,503 post-level FinBERT observations is mapped separately to the same or next actual trading day for each market. The table reconciles same-day and forward mappings and confirms that no post is duplicated or left terminally unmapped.","Source: Author's calculations based on Reddit data, FinBERT sentiment scores, and market trading calendars.","Appendix","","optional"
"Table","outputs/tables/trading_day_coverage.csv","Phase 6","Aligned trading-day Reddit coverage","appendix","Table A7","Trading-Day Reddit Coverage by Market","Table A7. Trading-Day Reddit Coverage by Market","Coverage is calculated on each market's complete trading calendar after post-level mapping and aggregation. Zero-attention trading days retain missing aligned sentiment; no sentiment value is imputed.","Source: Author's calculations based on Reddit data, FinBERT sentiment scores, and market trading calendars.","Appendix","","optional"
"Table","outputs/tables/alignment_sample_sizes.csv","Phase 6","Regression-sample retention","appendix","Table A8","Regression-Sample Retention after Trading-Day Alignment","Table A8. Regression-Sample Retention after Trading-Day Alignment","The table traces availability of current volatility and lagged regressors after market-specific alignment. Regression eligibility requires complete approved variables, including observable lagged Reddit sentiment; missing sentiment on prior zero-attention trading days is not imputed.","Source: Author's calculations.","Appendix","","optional"
"Table","outputs/tables/regression_sample_support.csv","Phase 6","Lagged sentiment and attention support","appendix","Table A9","Support of Lagged Reddit Sentiment and Attention in the Regression Samples","Table A9. Support of Lagged Reddit Sentiment and Attention in the Regression Samples","The eligible samples contain 397–407 observations per market. Because eligibility requires observed prior-trading-day sentiment, lagged attention is positive in every included row and describes discussion intensity conditional on discussion being observed.","Source: Author's calculations.","Appendix","","optional"
"Table","outputs/tables/regression_sample_descriptives.csv","Phase 7","Regression-sample descriptives","appendix","Table A10","Descriptive Statistics for the Market-Specific Regression Samples","Table A10. Descriptive Statistics for the Market-Specific Regression Samples","Statistics are reported separately for the dependent variable and four approved lagged regressors in each market's complete-case Phase 7 sample. Conditional volatility is in percentage-return standard-deviation units and return_lag1 is a decimal log return.","Source: Author's calculations.","Appendix","","optional"
"Table","outputs/tables/regression_sample_year_composition.csv","Phase 7","Regression-sample composition by year","appendix","Table A11","Regression Sample Composition by Year","Table A11. Regression Sample Composition by Year","Counts and shares describe the year composition of each market-specific Phase 7 estimation sample. The samples are concentrated in 2022 because qualifying Reddit discussion is likewise concentrated in that year.","Source: Author's calculations.","Appendix","","optional"
"Figure","outputs/figures/finbert_sentiment_score_distribution.png","Phase 4C","Continuous FinBERT sentiment distribution","appendix","Figure A1","Distribution of Continuous Post-Level FinBERT Sentiment Scores","Figure A1. Distribution of Continuous Post-Level FinBERT Sentiment Scores.","The histogram shows sentiment_score, defined as post-level positive probability minus negative probability, for all 1,503 qualifying posts. Scores range from -1 to 1; the dashed reference line denotes zero.","Source: Author's calculations based on Reddit data and FinBERT sentiment scores.","Appendix","","optional"
"Figure","outputs/figures/daily_reddit_attention.png","Phase 4C","Daily Reddit attention","appendix","Figure A2","Daily Reddit Attention during 2021–2023","Figure A2. Daily Reddit Attention during 2021–2023.","Reddit attention is the number of qualifying posts on each calendar day across the three pooled finance-oriented communities. The complete calendar is shown; zero-post days are recorded as zero attention and no smoothing is applied.","Source: Author's calculations based on Reddit data.","Appendix","","optional"
"Figure","outputs/figures/market_log_returns.png","Phase 5","Daily market log returns","appendix","Figure A3","Daily Log Returns across the Five European Equity Markets","Figure A3. Daily Log Returns across the Five European Equity Markets.","Panels show untrimmed daily log returns in decimal units on each market's observed trading dates. The dashed horizontal reference line denotes zero; no smoothing, interpolation, or normalization is applied.","Source: Author's calculations based on market data from Yahoo Finance and Stooq.","Appendix","","optional"
"Figure","outputs/figures/market_aligned_attention.png","Phase 6","Market-aligned Reddit attention","appendix","Figure A4","Market-Specific Aligned Reddit Attention","Figure A4. Market-Specific Aligned Reddit Attention.","Post-level observations are mapped to the same or next actual trading day separately for each market and then counted. Zero-attention trading days remain zero, and aligned sentiment remains missing on those days; no smoothing or interpolation is applied.","Source: Author's calculations based on Reddit data and market trading calendars.","Appendix","","optional"
"Figure","outputs/figures/market_price_levels_qc.png","Phase 4C","Equity-index price levels","appendix","Figure A5","Equity-Index Price Levels during 2021–2023","Figure A5. Equity-Index Price Levels during 2021–2023.","Panels show the original closing levels used to construct returns and use independent vertical scales. Yahoo Finance adjusted closes are used for four indices; WIG20 uses the Stooq Close field from the preserved archived response documented in the repository. The figure is descriptive quality-control support.","Source: Author's calculations based on market data from Yahoo Finance and Stooq; WIG20 uses the preserved archived Stooq response documented in the repository.","Appendix","","optional"
"Table","outputs/tables/active_script_inventory.csv","Phase 8","Active pipeline reproducibility","technical_qc","","Active Script Inventory","Technical QC — Active Script and Rerun Inventory","Repository-facing inventory of the 13 active scripts, inputs, outputs, network dependencies, frozen status, and normal rerun guidance; not recommended as a thesis table.","Source: Author's repository documentation.","Technical repository only","","technical_only"
"Table","outputs/tables/aligned_reddit_descriptives.csv","Phase 6","Aligned Reddit descriptives","technical_qc","","Aligned Reddit Descriptives","Technical QC — Market-Aligned Reddit Descriptive Statistics","Market-specific aligned sentiment and attention summaries; largely redundant with the selected coverage and regression-support appendix tables.","Source: Author's calculations.","Technical repository only","","technical_only"
"Table","outputs/tables/final_methodological_limitations.csv","Phase 8","Methodological limitations synthesis","technical_qc","","Methodological Limitations Synthesis","Technical QC — Final Methodological Limitations Synthesis","Structured source material for the thesis limitations narrative. Use in prose rather than as a numbered empirical table.","Source: Author's synthesis of frozen empirical outputs.","Technical repository only","","technical_only"
"Table","outputs/tables/final_regression_table.csv","Phase 8","Condensed regression display","technical_qc","","Condensed Regression Display","Technical QC — Condensed Phase 8 Regression Display","Readability-oriented derivative containing coefficients, HAC standard errors, sample sizes, R-squared values, and HAC lag. It omits p-values and confidence intervals, so the authoritative regression_results.csv is recommended for the numbered thesis table.","Source: Author's calculations.","Technical repository only","","technical_only"
"Table","outputs/tables/final_sample_overview.csv","Phase 8","Consolidated sample overview","technical_qc","","Consolidated Sample Overview","Technical QC — Consolidated Final Sample Overview","Long-form consolidation of sample, sentiment, market, alignment, and regression counts used for cross-file review; redundant with the selected thesis tables.","Source: Author's synthesis of frozen empirical outputs.","Technical repository only","","technical_only"
"Table","outputs/tables/final_sentiment_results_summary.csv","Phase 8","Lagged sentiment result summary","technical_qc","","Lagged Sentiment Result Summary","Technical QC — Market-Level Lagged Sentiment Result Summary","Compact extraction of the five sentiment_lag1 estimates, HAC standard errors, p-values, confidence intervals, and neutral interpretation. The numbered regression table and coefficient figure already present this evidence.","Source: Author's calculations.","Technical repository only","","technical_only"
"Table","outputs/tables/final_thesis_output_manifest.csv","Phase 8","Final output inventory","technical_qc","","Final Thesis Output Manifest","Technical QC — Final Thesis Output Inventory","Repository inventory used to verify the existence, phase, scope, and prior broad classification of final artifacts. It is not a thesis result.","Source: Author's repository documentation.","Technical repository only","","technical_only"
"Table","outputs/tables/regression_coefficients_long.csv","Phase 7","Long-form regression coefficients","technical_qc","","Long-Form OLS-HAC Coefficients","Technical QC — Long-Form OLS-HAC Coefficient Output","Machine-friendly long-form source containing every coefficient and inference statistic by market. It is redundant with the authoritative wide regression table selected for the thesis body.","Source: Author's calculations.","Technical repository only","","technical_only"
"Table","outputs/tables/research_question_summary.csv","Phase 8","RQ1, RQ2, and H1 synthesis","technical_qc","","Research Question and Hypothesis Synthesis","Technical QC — RQ1, RQ2, and H1 Evidence Synthesis","Structured support for the thesis results and discussion narrative. It records associational conclusions and the absence of a formal cross-market coefficient-equality test; use in prose rather than as a numbered table.","Source: Author's synthesis of frozen empirical outputs.","Technical repository only","","technical_only"
"Table","outputs/tables/sentiment_coefficient_comparison.csv","Phase 7","Lagged sentiment coefficient comparison","technical_qc","","Sentiment Coefficient Comparison Data","Technical QC — Source Data for the Lagged Sentiment Coefficient Figure","Five-market source table for the coefficient comparison figure, including HAC inference. It is redundant with the numbered regression table and figure.","Source: Author's calculations.","Technical repository only","","technical_only"
"Table","outputs/tables/yearly_regression_support.csv","Phase 6","Yearly regression support","technical_qc","","Yearly Regression Eligibility Support","Technical QC — Yearly Regression Eligibility and Retention","Year-specific availability and retention counts created during alignment. The later Phase 7 regression_sample_year_composition.csv is the clearer appendix presentation of the final estimation samples.","Source: Author's calculations.","Technical repository only","","technical_only"
"Table","outputs/diagnostics/alignment_timing_review_sample.csv","Phase 6","Trading-day alignment timing review","technical_qc","","Alignment Timing Review Sample","Technical QC — Trading-Day Alignment Timing Review Sample","Selected post mappings used to verify same-day or next-trading-day timing and subsequent lag placement; not a thesis-facing result.","Source: Author's validation diagnostics.","Technical repository only","","technical_only"
"Table","outputs/diagnostics/alignment_weighting_validation.csv","Phase 6","Trading-day alignment weighting validation","technical_qc","","Alignment Weighting Validation","Technical QC — Post-Level Alignment Weighting Validation","Targeted validation confirming equal-post-weight aggregation after mapping and distinguishing it from an incorrect unweighted mean of calendar-day means.","Source: Author's validation diagnostics.","Technical repository only","","technical_only"
"Table","outputs/diagnostics/daily_reddit_extremes.csv","Phase 4C","Extreme daily Reddit observations","technical_qc","","Daily Reddit Extremes","Technical QC — Extreme Daily Sentiment and Attention Observations","Ranked extreme calendar days retained for researcher inspection; not recommended as a numbered thesis table because it is selective diagnostic output.","Source: Author's validation diagnostics.","Technical repository only","","technical_only"
"Table","outputs/diagnostics/daily_reddit_sentiment_summary.csv","Phase 4B","Daily Reddit series validation","technical_qc","","Daily Reddit Sentiment Summary","Technical QC — Daily Reddit Sentiment Construction Summary","Construction and validation metrics for the complete 1,095-day calendar, including populated and zero-post days and missing sentiment.","Source: Author's validation diagnostics.","Technical repository only","","technical_only"
"Table","outputs/diagnostics/descriptive_results_validation.csv","Phase 4C","Descriptive-output validation","technical_qc","","Descriptive Results Validation","Technical QC — Descriptive Tables and Figures Validation","Nineteen validation checks for the retrospective descriptive-results package; all checks pass in the frozen output.","Source: Author's validation diagnostics.","Technical repository only","","technical_only"
"Table","outputs/diagnostics/final_reproducibility_audit.csv","Phase 8","Final reproducibility audit","technical_qc","","Final Reproducibility Audit","Technical QC — Final Frozen-Output Reproducibility Audit","Thirty-seven checks of frozen hashes, required files, units, market names, script compilation, and repository hygiene; all checks pass in the validated state.","Source: Author's reproducibility audit.","Technical repository only","","technical_only"
"Table","outputs/diagnostics/finbert_class_distribution.csv","Phase 4A","FinBERT class distribution diagnostics","technical_qc","","FinBERT Class Distribution Data","Technical QC — FinBERT Classification Distribution by Group","Machine-readable class counts and percentages underlying the thesis-facing post-level sentiment table and label-distribution figure.","Source: Author's calculations based on Reddit data and FinBERT sentiment scores.","Technical repository only","","technical_only"
"Table","outputs/diagnostics/finbert_development_sample.csv","Phase 4A","FinBERT development sample","technical_qc","","FinBERT Development Sample","Technical QC — FinBERT Development-Only Sample","Development-only scoring sample used during implementation. It is not an empirical input and does not contribute observations to the canonical post-level output.","Source: Author's development diagnostics.","Technical repository only","","technical_only"
"Table","outputs/diagnostics/finbert_inference_benchmark.csv","Phase 4A","FinBERT inference benchmark","technical_qc","","FinBERT Inference Benchmark","Technical QC — FinBERT Inference Performance Benchmark","Development-only batch and throughput benchmark. It documents computational performance rather than empirical evidence.","Source: Author's development diagnostics.","Technical repository only","","technical_only"
"Table","outputs/diagnostics/finbert_review_sample.csv","Phase 4A","FinBERT manual review sample","technical_qc","","FinBERT Review Sample","Technical QC — FinBERT Post-Level Review Sample","Selected scored posts retained for researcher inspection of probabilities, labels, chunking, and tokenizer safeguards; not a thesis-facing result.","Source: Author's validation diagnostics.","Technical repository only","","technical_only"
"Table","outputs/diagnostics/finbert_sentiment_summary.csv","Phase 4A","FinBERT sentiment validation summary","technical_qc","","FinBERT Sentiment Validation Summary","Technical QC — FinBERT Probability, Chunking, and Sentiment Validation","Detailed construction metrics and checks for post probabilities, conceptual chunks, safeguards, sentiment ranges, and grouped summaries.","Source: Author's validation diagnostics.","Technical repository only","","technical_only"
"Table","outputs/diagnostics/garch_model_diagnostics.csv","Phase 5","GARCH convergence diagnostics","technical_qc","","GARCH Model Diagnostics","Technical QC — GARCH Model Convergence and Output Validation","Optimizer, convergence, information-criterion, parameter-finiteness, date-alignment, and positive conditional-standard-deviation checks for the five models. All five models converged.","Source: Author's validation diagnostics based on market data from Yahoo Finance and Stooq.","Technical repository only","","technical_only"
"Table","outputs/diagnostics/market_data_summary.csv","Phase 2","Market data validation summary","technical_qc","","Market Data Summary","Technical QC — Market Data Coverage and Provenance Summary","Source, retrieval, coverage, missing-value, and duplicate-date checks for the five index price series. WIG20 provenance records Stooq via the preserved archived response.","Source: Author's validation diagnostics based on market data from Yahoo Finance and Stooq.","Technical repository only","","technical_only"
"Table","outputs/diagnostics/reddit_candidate_corpus_profile.csv","Phase 3A","Reddit candidate corpus profile","technical_qc","","Reddit Candidate Corpus Profile","Technical QC — Reddit Candidate Corpus Profile","Counts and proportions describing the broad 3,033-post candidate corpus before final relevance filtering.","Source: Author's validation diagnostics based on Reddit data.","Technical repository only","","technical_only"
"Table","outputs/diagnostics/reddit_cleaning_summary.csv","Phase 3B","Reddit cleaning validation","technical_qc","","Reddit Cleaning Summary","Technical QC — Final Reddit Cleaning and Relevance-Filter Summary","Construction checks and counts for the final 1,503-post English-language, Ukraine-war-related financial corpus from three finance-oriented communities.","Source: Author's validation diagnostics based on Reddit data.","Technical repository only","","technical_only"
"Table","outputs/diagnostics/reddit_combined_query_differences.csv","Phase 3A","Reddit query difference review","technical_qc","","Reddit Combined-Query Differences","Technical QC — Combined versus Individual Reddit Query Differences","Post identifiers retained to investigate differences between combined and individual extraction queries; internal acquisition validation only.","Source: Author's data-collection diagnostics.","Technical repository only","","technical_only"
"Table","outputs/diagnostics/reddit_combined_query_validation.csv","Phase 3A","Reddit query reconciliation","technical_qc","","Reddit Combined-Query Validation","Technical QC — Combined versus Individual Reddit Query Reconciliation","One-row reconciliation of unique identifiers, intersections, query-only differences, request counts, and validation status.","Source: Author's data-collection diagnostics.","Technical repository only","","technical_only"
"Table","outputs/diagnostics/reddit_extraction_summary.csv","Phase 3A","Reddit extraction counts","technical_qc","","Reddit Extraction Summary","Technical QC — Reddit Candidate Extraction Counts","Candidate-post counts by year and subreddit from the acquisition phase; superseded for thesis presentation by the final sample construction and composition outputs.","Source: Author's data-collection diagnostics based on Reddit data.","Technical repository only","","technical_only"
"Table","outputs/diagnostics/reddit_filter_excluded_review.csv","Phase 3B","Excluded-post relevance review","technical_qc","","Excluded Reddit Post Review","Technical QC — Manual Review Sample of Excluded Reddit Posts","Selected excluded candidates with rule indicators and text retained for false-negative review; contains post-level text and is not thesis-facing.","Source: Author's relevance-filter validation diagnostics.","Technical repository only","","technical_only"
"Table","outputs/diagnostics/reddit_filter_included_review.csv","Phase 3B","Included-post relevance review","technical_qc","","Included Reddit Post Review","Technical QC — Manual Review Sample of Included Reddit Posts","Selected included candidates with rule indicators and text retained for false-positive review; contains post-level text and is not thesis-facing.","Source: Author's relevance-filter validation diagnostics.","Technical repository only","","technical_only"
"Table","outputs/diagnostics/reddit_language_validation.csv","Phase 3B","Reddit language validation","technical_qc","","Reddit Language Validation","Technical QC — English-Language Classification Review","Stratified review output for language status, detected language, confidence, and text-length safeguards in the final cleaning phase.","Source: Author's validation diagnostics based on Reddit data.","Technical repository only","","technical_only"
"Table","outputs/diagnostics/reddit_query_summary.csv","Phase 3A","Reddit query execution log","technical_qc","","Reddit Query Summary","Technical QC — Reddit Extraction Query and Retry Log","Window-level acquisition log recording queries, result counts, requests, retries, rate limits, splits, and statuses; technical collection evidence only.","Source: Author's data-collection diagnostics.","Technical repository only","","technical_only"
"Table","outputs/diagnostics/reddit_relevance_filter_dry_run.csv","Phase 3B","Historical relevance-filter dry run","technical_qc","","Reddit Relevance-Filter Dry Run","Technical QC — Historical Reddit Relevance-Filter Dry Run","Candidate-level output from the historical intermediate rule used for validation before the final relevance specification; not the final thesis sample.","Source: Author's relevance-filter validation diagnostics.","Technical repository only","","technical_only"
"Table","outputs/diagnostics/reddit_relevance_review_sample.csv","Phase 3A","Candidate relevance review sample","technical_qc","","Reddit Relevance Review Sample","Technical QC — Candidate-Corpus Relevance Review Sample","Stratified post-level review sample used to assess the broad candidate corpus before final filtering; contains text and is not thesis-facing.","Source: Author's relevance-filter validation diagnostics.","Technical repository only","","technical_only"
"Table","outputs/diagnostics/reddit_relevance_rule_comparison.csv","Phase 3B","Relevance-rule comparison","technical_qc","","Reddit Relevance-Rule Comparison","Technical QC — Historical Reddit Relevance-Rule Comparison","Candidate-level comparison of historical intermediate relevance rules retained for auditability. It does not define an additional empirical method or alternative final sample.","Source: Author's relevance-filter validation diagnostics.","Technical repository only","","technical_only"
"Table","outputs/diagnostics/reddit_rule_newly_excluded_review.csv","Phase 3B","Newly excluded-post review","technical_qc","","Newly Excluded Reddit Post Review","Technical QC — Review of Posts Newly Excluded by the Refined Rule","Post-level review set used while validating the historical relevance-rule refinement; internal QC only.","Source: Author's relevance-filter validation diagnostics.","Technical repository only","","technical_only"
"Table","outputs/diagnostics/reddit_rule_newly_included_review.csv","Phase 3B","Newly included-post review","technical_qc","","Newly Included Reddit Post Review","Technical QC — Review of Posts Newly Included by the Refined Rule","Post-level review set used while validating the historical relevance-rule refinement; internal QC only.","Source: Author's relevance-filter validation diagnostics.","Technical repository only","","technical_only"
"Table","outputs/diagnostics/reddit_trading_day_mapping.csv","Phase 6","Post-level trading-day mapping","technical_qc","","Post-Level Trading-Day Mapping","Technical QC — Full Reddit-to-Market Trading-Day Mapping","The complete 7,515-row mapping of 1,503 posts across five market calendars, including mapping reasons and days forwarded; source for reconciled appendix tables, not a thesis table.","Source: Author's validation diagnostics.","Technical repository only","","technical_only"
"Table","outputs/diagnostics/regression_model_validation.csv","Phase 7","OLS-HAC regression validation","technical_qc","","OLS-HAC Regression Validation","Technical QC — OLS-HAC Specification and Input Validation","Market-level checks for sample sizes, exact regressors, intercept, HAC covariance with maximum lag 5, finite complete inputs, lag construction, and inference validity. All five models pass.","Source: Author's validation diagnostics.","Technical repository only","","technical_only"
"Table","outputs/diagnostics/sentiment_missingness_transitions.csv","Phase 6","Aligned sentiment missingness","technical_qc","","Aligned Sentiment Missingness Transitions","Technical QC — Trading-Day Sentiment Missingness Transitions","Market-level counts and runs showing how zero-attention trading days produce missing contemporaneous and subsequent lagged sentiment without imputation.","Source: Author's validation diagnostics.","Technical repository only","","technical_only"
"Table","outputs/diagnostics/trading_day_alignment_validation.csv","Phase 6","Trading-day alignment validation","technical_qc","","Trading-Day Alignment Validation","Technical QC — Trading-Day Mapping, Aggregation, and Lag Validation","One hundred nine checks of market-specific mapping, equal-post aggregation, missingness, date ordering, and lag timing; all checks pass in the frozen output.","Source: Author's validation diagnostics.","Technical repository only","","technical_only"
