date,sentiment,post_count,positive_post_count,neutral_post_count,negative_post_count,mean_positive_probability,mean_neutral_probability,mean_negative_probability
2021-01-01,,0,0,0,0,,,
2021-01-02,,0,0,0,0,,,
2021-01-03,0.0267215295613784,1,0,1,0,0.3205240288600866,0.3856734704712163,0.2938024992987081
2021-01-04,,0,0,0,0,,,
2021-01-05,,0,0,0,0,,,
2021-01-06,,0,0,0,0,,,
2021-01-07,0.336831514001824,1,0,1,0,0.4022697270382195,0.5322920628124848,0.0654382130363956
2021-01-08,0.0052259086320797,1,0,1,0,0.1307301314340697,0.7437656422456106,0.1255042228019899
2021-01-09,,0,0,0,0,,,
2021-01-10,,0,0,0,0,,,
2021-01-11,,0,0,0,0,,,
2021-01-12,,0,0,0,0,,,
2021-01-13,,0,0,0,0,,,
2021-01-14,,0,0,0,0,,,
2021-01-15,,0,0,0,0,,,
2021-01-16,,0,0,0,0,,,
2021-01-17,-0.0028282188706927,1,0,1,0,0.2234787054670353,0.5502143659008046,0.2263069243377281
2021-01-18,-0.0046202760870353,1,0,1,0,0.181182997695242,0.633013745626578,0.1858032737822773
2021-01-19,,0,0,0,0,,,
2021-01-20,,0,0,0,0,,,
2021-01-21,0.3381085558561608,1,0,1,0,0.4276427912525832,0.4828229740262031,0.0895342353964224
2021-01-22,,0,0,0,0,,,
2021-01-23,,0,0,0,0,,,
2021-01-24,-0.0964394633968671,1,0,1,0,0.0817492517332236,0.7400619983673096,0.1781887151300907
2021-01-25,,0,0,0,0,,,
2021-01-26,,0,0,0,0,,,
2021-01-27,,0,0,0,0,,,
2021-01-28,,0,0,0,0,,,
2021-01-29,,0,0,0,0,,,
2021-01-30,,0,0,0,0,,,
2021-01-31,,0,0,0,0,,,
2021-02-01,0.0621185224425668,1,0,1,0,0.191287981858477,0.6795425670221448,0.1291694594159101
2021-02-02,-0.2356191715225577,1,0,1,0,0.0663166151692469,0.6317476034164429,0.3019357866918047
2021-02-03,,0,0,0,0,,,
2021-02-04,0.10683399933465826,2,0,2,0,0.2290628822268666,0.6487082258017884,0.12222888289220826
2021-02-05,0.14133173132137056,3,0,3,0,0.24933056080322938,0.6426706087235131,0.1079988294818588
2021-02-06,,0,0,0,0,,,
2021-02-07,,0,0,0,0,,,
2021-02-08,,0,0,0,0,,,
2021-02-09,,0,0,0,0,,,
2021-02-10,-0.0562053024768829,1,0,1,0,0.1629479974508285,0.61789870262146,0.2191532999277115
2021-02-11,,0,0,0,0,,,
2021-02-12,0.0720571026361236,2,0,2,0,0.1699190434999763,0.7322190153722962,0.0978619408638527
2021-02-13,,0,0,0,0,,,
2021-02-14,-0.011074599106038,1,0,1,0,0.177524053459164,0.6338773000725481,0.188598652565202
2021-02-15,0.0650974407947311,1,0,1,0,0.1939899927005171,0.6771174468100071,0.128892551905786
2021-02-16,0.07050831933378325,2,0,2,0,0.2659017920754628,0.5387047305747511,0.1953934727416795
2021-02-17,,0,0,0,0,,,
2021-02-18,0.3765704035633117,1,0,1,0,0.4363688615503142,0.5038326773289088,0.0597984579870024
2021-02-19,-0.135077327877904,1,0,1,0,0.0912612768976638,0.6824001185595989,0.2263386047755678
2021-02-20,,0,0,0,0,,,
2021-02-21,,0,0,0,0,,,
2021-02-22,,0,0,0,0,,,
2021-02-23,,0,0,0,0,,,
2021-02-24,-0.2145538447158677,1,0,1,0,0.0957817195781639,0.5938827315611499,0.3103355642940317
2021-02-25,,0,0,0,0,,,
2021-02-26,,0,0,0,0,,,
2021-02-27,,0,0,0,0,,,
2021-02-28,,0,0,0,0,,,
2021-03-01,,0,0,0,0,,,
2021-03-02,,0,0,0,0,,,
2021-03-03,,0,0,0,0,,,
2021-03-04,,0,0,0,0,,,
2021-03-05,0.0442173663953629,1,0,1,0,0.2616443773576369,0.5209286073377977,0.2174270109622739
2021-03-06,,0,0,0,0,,,
2021-03-07,,0,0,0,0,,,
2021-03-08,,0,0,0,0,,,
2021-03-09,,0,0,0,0,,,
2021-03-10,,0,0,0,0,,,
2021-03-11,,0,0,0,0,,,
2021-03-12,,0,0,0,0,,,
2021-03-13,,0,0,0,0,,,
2021-03-14,,0,0,0,0,,,
2021-03-15,,0,0,0,0,,,
2021-03-16,,0,0,0,0,,,
2021-03-17,,0,0,0,0,,,
2021-03-18,,0,0,0,0,,,
2021-03-19,,0,0,0,0,,,
2021-03-20,,0,0,0,0,,,
2021-03-21,,0,0,0,0,,,
2021-03-22,,0,0,0,0,,,
2021-03-23,,0,0,0,0,,,
2021-03-24,,0,0,0,0,,,
2021-03-25,,0,0,0,0,,,
2021-03-26,,0,0,0,0,,,
2021-03-27,,0,0,0,0,,,
2021-03-28,0.0891614629093695,1,0,1,0,0.248121787207546,0.5929178820440063,0.1589603242981765
2021-03-29,-0.1131788973189607,2,0,2,0,0.1539231149621213,0.5789748766589202,0.2671020122810821
2021-03-30,,0,0,0,0,,,
2021-03-31,,0,0,0,0,,,
2021-04-01,-0.8755818214267492,1,0,0,1,0.0215955767780542,0.081226959824562,0.8971773982048035
2021-04-02,,0,0,0,0,,,
2021-04-03,,0,0,0,0,,,
2021-04-04,,0,0,0,0,,,
2021-04-05,,0,0,0,0,,,
2021-04-06,,0,0,0,0,,,
2021-04-07,,0,0,0,0,,,
2021-04-08,,0,0,0,0,,,
2021-04-09,,0,0,0,0,,,
2021-04-10,-0.0595541137921496,2,0,2,0,0.1131912392368328,0.7140633782943372,0.17274535302898247
2021-04-11,,0,0,0,0,,,
2021-04-12,-0.4232758227735758,2,0,2,0,0.0256934221833944,0.5253373384475708,0.4489692449569702
2021-04-13,-0.3606886565685272,1,0,0,1,0.1478994190692901,0.3435125946998596,0.5085880756378174
2021-04-14,,0,0,0,0,,,
2021-04-15,,0,0,0,0,,,
2021-04-16,,0,0,0,0,,,
2021-04-17,,0,0,0,0,,,
2021-04-18,,0,0,0,0,,,
2021-04-19,,0,0,0,0,,,
2021-04-20,-0.4864287902601063,1,0,0,1,0.0221863179467618,0.4691985510289669,0.5086151082068682
2021-04-21,,0,0,0,0,,,
2021-04-22,,0,0,0,0,,,
2021-04-23,,0,0,0,0,,,
2021-04-24,,0,0,0,0,,,
2021-04-25,,0,0,0,0,,,
2021-04-26,,0,0,0,0,,,
2021-04-27,,0,0,0,0,,,
2021-04-28,,0,0,0,0,,,
2021-04-29,0.2265998545501913,1,0,1,0,0.2845352169658456,0.6575294307300023,0.0579353624156543
2021-04-30,0.4511383918627184,1,1,0,0,0.535319238730079,0.3804999170634819,0.0841808468673606
2021-05-01,,0,0,0,0,,,
2021-05-02,,0,0,0,0,,,
2021-05-03,,0,0,0,0,,,
2021-05-04,,0,0,0,0,,,
2021-05-05,,0,0,0,0,,,
2021-05-06,,0,0,0,0,,,
2021-05-07,,0,0,0,0,,,
2021-05-08,,0,0,0,0,,,
2021-05-09,,0,0,0,0,,,
2021-05-10,-0.0704615110797541,1,0,1,0,0.0763091456943324,0.7769202060465302,0.1467706567740866
2021-05-11,,0,0,0,0,,,
2021-05-12,,0,0,0,0,,,
2021-05-13,,0,0,0,0,,,
2021-05-14,,0,0,0,0,,,
2021-05-15,,0,0,0,0,,,
2021-05-16,,0,0,0,0,,,
2021-05-17,,0,0,0,0,,,
2021-05-18,,0,0,0,0,,,
2021-05-19,,0,0,0,0,,,
2021-05-20,-0.0436379287253927,1,0,1,0,0.2296437426228766,0.4970745780263786,0.2732816713482693
2021-05-21,,0,0,0,0,,,
2021-05-22,,0,0,0,0,,,
2021-05-23,-0.0405759594092766,1,0,1,0,0.130433965784808,0.6985560928781828,0.1710099251940846
2021-05-24,,0,0,0,0,,,
2021-05-25,,0,0,0,0,,,
2021-05-26,,0,0,0,0,,,
2021-05-27,,0,0,0,0,,,
2021-05-28,,0,0,0,0,,,
2021-05-29,0.32167294889907627,2,0,2,0,0.3772845636395847,0.5671038185520207,0.0556116147405084
2021-05-30,,0,0,0,0,,,
2021-05-31,,0,0,0,0,,,
2021-06-01,-0.1130787700298242,1,0,1,0,0.1640182802725273,0.558884672416995,0.2770970503023515
2021-06-02,,0,0,0,0,,,
2021-06-03,,0,0,0,0,,,
2021-06-04,,0,0,0,0,,,
2021-06-05,,0,0,0,0,,,
2021-06-06,,0,0,0,0,,,
2021-06-07,,0,0,0,0,,,
2021-06-08,-0.6186492309960372,1,0,0,1,0.0308649118661003,0.3196209331645685,0.6495141428621376
2021-06-09,,0,0,0,0,,,
2021-06-10,,0,0,0,0,,,
2021-06-11,-0.09298604481155051,2,0,2,0,0.2402721331804059,0.42646969004223745,0.33325817799195645
2021-06-12,,0,0,0,0,,,
2021-06-13,,0,0,0,0,,,
2021-06-14,,0,0,0,0,,,
2021-06-15,0.0119175954129208,1,0,1,0,0.1405382591553709,0.7308410902818044,0.1286206637424501
2021-06-16,,0,0,0,0,,,
2021-06-17,,0,0,0,0,,,
2021-06-18,,0,0,0,0,,,
2021-06-19,,0,0,0,0,,,
2021-06-20,,0,0,0,0,,,
2021-06-21,,0,0,0,0,,,
2021-06-22,,0,0,0,0,,,
2021-06-23,,0,0,0,0,,,
2021-06-24,,0,0,0,0,,,
2021-06-25,,0,0,0,0,,,
2021-06-26,,0,0,0,0,,,
2021-06-27,,0,0,0,0,,,
2021-06-28,0.1778556299085418,1,0,1,0,0.2914689686149359,0.594917696962754,0.113613338706394
2021-06-29,,0,0,0,0,,,
2021-06-30,,0,0,0,0,,,
2021-07-01,-0.1482347610704216,1,0,1,0,0.1454652866598257,0.5608346640641234,0.2937000477302474
2021-07-02,,0,0,0,0,,,
2021-07-03,-0.1353878768902548,1,0,1,0,0.136514357894797,0.5915834082945906,0.2719022347850518
2021-07-04,,0,0,0,0,,,
2021-07-05,,0,0,0,0,,,
2021-07-06,,0,0,0,0,,,
2021-07-07,,0,0,0,0,,,
2021-07-08,,0,0,0,0,,,
2021-07-09,,0,0,0,0,,,
2021-07-10,,0,0,0,0,,,
2021-07-11,,0,0,0,0,,,
2021-07-12,-0.0408089455172774,2,0,1,1,0.3098210979341751,0.3395488622953139,0.35063004345145254
2021-07-13,,0,0,0,0,,,
2021-07-14,,0,0,0,0,,,
2021-07-15,,0,0,0,0,,,
2021-07-16,,0,0,0,0,,,
2021-07-17,,0,0,0,0,,,
2021-07-18,,0,0,0,0,,,
2021-07-19,,0,0,0,0,,,
2021-07-20,,0,0,0,0,,,
2021-07-21,,0,0,0,0,,,
2021-07-22,,0,0,0,0,,,
2021-07-23,-0.16345814898765332,2,0,0,2,0.233110867634726,0.37032011897147943,0.3965690166223794
2021-07-24,,0,0,0,0,,,
2021-07-25,,0,0,0,0,,,
2021-07-26,,0,0,0,0,,,
2021-07-27,,0,0,0,0,,,
2021-07-28,,0,0,0,0,,,
2021-07-29,0.1576086122387399,1,0,1,0,0.2706150024120385,0.6163786049777021,0.1130063901732986
2021-07-30,,0,0,0,0,,,
2021-07-31,-0.1259458739426918,2,0,0,2,0.2813672093713345,0.31131970804805553,0.4073130833140264
2021-08-01,,0,0,0,0,,,
2021-08-02,,0,0,0,0,,,
2021-08-03,,0,0,0,0,,,
2021-08-04,,0,0,0,0,,,
2021-08-05,,0,0,0,0,,,
2021-08-06,,0,0,0,0,,,
2021-08-07,,0,0,0,0,,,
2021-08-08,,0,0,0,0,,,
2021-08-09,,0,0,0,0,,,
2021-08-10,,0,0,0,0,,,
2021-08-11,,0,0,0,0,,,
2021-08-12,,0,0,0,0,,,
2021-08-13,,0,0,0,0,,,
2021-08-14,,0,0,0,0,,,
2021-08-15,,0,0,0,0,,,
2021-08-16,,0,0,0,0,,,
2021-08-17,,0,0,0,0,,,
2021-08-18,,0,0,0,0,,,
2021-08-19,,0,0,0,0,,,
2021-08-20,,0,0,0,0,,,
2021-08-21,,0,0,0,0,,,
2021-08-22,,0,0,0,0,,,
2021-08-23,,0,0,0,0,,,
2021-08-24,,0,0,0,0,,,
2021-08-25,,0,0,0,0,,,
2021-08-26,-0.2197948857778456,1,0,1,0,0.1485496322488094,0.4831058489295041,0.368344518026655
2021-08-27,,0,0,0,0,,,
2021-08-28,,0,0,0,0,,,
2021-08-29,,0,0,0,0,,,
2021-08-30,,0,0,0,0,,,
2021-08-31,,0,0,0,0,,,
2021-09-01,,0,0,0,0,,,
2021-09-02,,0,0,0,0,,,
2021-09-03,,0,0,0,0,,,
2021-09-04,,0,0,0,0,,,
2021-09-05,,0,0,0,0,,,
2021-09-06,,0,0,0,0,,,
2021-09-07,,0,0,0,0,,,
2021-09-08,,0,0,0,0,,,
2021-09-09,0.1649852681818396,2,2,0,0,0.4162484147954126,0.3324884310104819,0.2512631466135729
2021-09-10,0.00726119083216205,2,2,0,0,0.35562034852974883,0.29602048621354854,0.3483591576975867
2021-09-11,,0,0,0,0,,,
2021-09-12,,0,0,0,0,,,
2021-09-13,,0,0,0,0,,,
2021-09-14,,0,0,0,0,,,
2021-09-15,,0,0,0,0,,,
2021-09-16,,0,0,0,0,,,
2021-09-17,,0,0,0,0,,,
2021-09-18,,0,0,0,0,,,
2021-09-19,,0,0,0,0,,,
2021-09-20,-0.2479507087596825,1,0,1,0,0.0342353193887642,0.6835786593811852,0.2821860281484468
2021-09-21,,0,0,0,0,,,
2021-09-22,,0,0,0,0,,,
2021-09-23,,0,0,0,0,,,
2021-09-24,,0,0,0,0,,,
2021-09-25,-0.1622834741310388,1,0,1,0,0.0913217009769545,0.6550731176717414,0.2536051751079934
2021-09-26,,0,0,0,0,,,
2021-09-27,,0,0,0,0,,,
2021-09-28,,0,0,0,0,,,
2021-09-29,,0,0,0,0,,,
2021-09-30,,0,0,0,0,,,
2021-10-01,-0.12568901542884603,2,0,0,2,0.2853464736370369,0.30361803931494546,0.411035489065883
2021-10-02,,0,0,0,0,,,
2021-10-03,0.9095829371362923,1,1,0,0,0.9181026220321656,0.0733777731657028,0.008519684895873
2021-10-04,,0,0,0,0,,,
2021-10-05,0.1851781075820326,1,0,1,0,0.1932912319898605,0.7985956072807312,0.0081131244078278
2021-10-06,,0,0,0,0,,,
2021-10-07,,0,0,0,0,,,
2021-10-08,,0,0,0,0,,,
2021-10-09,,0,0,0,0,,,
2021-10-10,,0,0,0,0,,,
2021-10-11,,0,0,0,0,,,
2021-10-12,-0.1208607148379087,1,0,1,0,0.0329387661069631,0.8132617354393006,0.1537994809448719
2021-10-13,,0,0,0,0,,,
2021-10-14,,0,0,0,0,,,
2021-10-15,,0,0,0,0,,,
2021-10-16,,0,0,0,0,,,
2021-10-17,,0,0,0,0,,,
2021-10-18,,0,0,0,0,,,
2021-10-19,,0,0,0,0,,,
2021-10-20,,0,0,0,0,,,
2021-10-21,,0,0,0,0,,,
2021-10-22,,0,0,0,0,,,
2021-10-23,,0,0,0,0,,,
2021-10-24,,0,0,0,0,,,
2021-10-25,,0,0,0,0,,,
2021-10-26,,0,0,0,0,,,
2021-10-27,,0,0,0,0,,,
2021-10-28,,0,0,0,0,,,
2021-10-29,,0,0,0,0,,,
2021-10-30,,0,0,0,0,,,
2021-10-31,,0,0,0,0,,,
2021-11-01,,0,0,0,0,,,
2021-11-02,,0,0,0,0,,,
2021-11-03,,0,0,0,0,,,
2021-11-04,,0,0,0,0,,,
2021-11-05,,0,0,0,0,,,
2021-11-06,,0,0,0,0,,,
2021-11-07,,0,0,0,0,,,
2021-11-08,,0,0,0,0,,,
2021-11-09,,0,0,0,0,,,
2021-11-10,,0,0,0,0,,,
2021-11-11,,0,0,0,0,,,
2021-11-12,,0,0,0,0,,,
2021-11-13,,0,0,0,0,,,
2021-11-14,,0,0,0,0,,,
2021-11-15,-0.0438211852345954,1,0,1,0,0.0694526288319717,0.8172735626047308,0.1132738140665672
2021-11-16,0.0010791712750991,1,0,1,0,0.0989722162485122,0.8031347195307413,0.0978930449734131
2021-11-17,,0,0,0,0,,,
2021-11-18,,0,0,0,0,,,
2021-11-19,,0,0,0,0,,,
2021-11-20,,0,0,0,0,,,
2021-11-21,,0,0,0,0,,,
2021-11-22,,0,0,0,0,,,
2021-11-23,-0.2726633501505213,1,0,1,0,0.1365719544036047,0.4541927347225802,0.4092353045541261
2021-11-24,-0.0973020749937357,1,0,1,0,0.2005350978659658,0.5016277220485539,0.2978371728597016
2021-11-25,,0,0,0,0,,,
2021-11-26,,0,0,0,0,,,
2021-11-27,,0,0,0,0,,,
2021-11-28,,0,0,0,0,,,
2021-11-29,,0,0,0,0,,,
2021-11-30,,0,0,0,0,,,
2021-12-01,-0.2157598350729261,1,0,1,0,0.0500046600188527,0.684230870434216,0.2657644950917789
2021-12-02,,0,0,0,0,,,
2021-12-03,,0,0,0,0,,,
2021-12-04,,0,0,0,0,,,
2021-12-05,,0,0,0,0,,,
2021-12-06,,0,0,0,0,,,
2021-12-07,,0,0,0,0,,,
2021-12-08,-0.2193974333653307,1,0,0,1,0.2111297809194935,0.3583430131168469,0.4305272142848242
2021-12-09,,0,0,0,0,,,
2021-12-10,0.0083904713392257,1,0,1,0,0.0439219996333122,0.920546531677246,0.0355315282940864
2021-12-11,,0,0,0,0,,,
2021-12-12,-0.0384176783263683,1,0,1,0,0.0358537696301937,0.8898747563362122,0.074271447956562
2021-12-13,-0.1199829927867367,1,0,0,1,0.2660738624454963,0.3478692792178619,0.3860568552322331
2021-12-14,,0,0,0,0,,,
2021-12-15,0.2563302479943053,1,0,1,0,0.3010351000250214,0.6542600427961184,0.044704852030716
2021-12-16,,0,0,0,0,,,
2021-12-17,,0,0,0,0,,,
2021-12-18,,0,0,0,0,,,
2021-12-19,,0,0,0,0,,,
2021-12-20,,0,0,0,0,,,
2021-12-21,,0,0,0,0,,,
2021-12-22,-0.0566721875220537,1,0,1,0,0.0257053580135107,0.8919171094894409,0.0823775455355644
2021-12-23,-0.1804212760180235,1,0,1,0,0.0267004836350679,0.766177773475647,0.2071217596530914
2021-12-24,,0,0,0,0,,,
2021-12-25,,0,0,0,0,,,
2021-12-26,,0,0,0,0,,,
2021-12-27,,0,0,0,0,,,
2021-12-28,,0,0,0,0,,,
2021-12-29,0.0725156337241915,1,0,1,0,0.2821386793957037,0.508238278219805,0.2096230456715121
2021-12-30,,0,0,0,0,,,
2021-12-31,-0.1856924097886995,1,0,1,0,0.1517800013779809,0.5107475862299141,0.3374724111666805
2022-01-01,,0,0,0,0,,,
2022-01-02,,0,0,0,0,,,
2022-01-03,-0.0338769379410553,1,0,0,1,0.3113471302203834,0.3434288053011352,0.3452240681614388
2022-01-04,,0,0,0,0,,,
2022-01-05,,0,0,0,0,,,
2022-01-06,,0,0,0,0,,,
2022-01-07,,0,0,0,0,,,
2022-01-08,,0,0,0,0,,,
2022-01-09,,0,0,0,0,,,
2022-01-10,0.0026789637105095,1,0,1,0,0.2627402826522787,0.4771983926849706,0.2600613189417691
2022-01-11,-0.0145441192601408,1,0,1,0,0.3081618628597685,0.3691321503193605,0.3227059821199093
2022-01-12,-0.2758415777236223,1,0,0,1,0.1742060180753469,0.3757463760673999,0.4500475957989692
2022-01-13,,0,0,0,0,,,
2022-01-14,-0.3340867477883067,1,0,0,1,0.1502271810443037,0.3654588933827148,0.4843139288326104
2022-01-15,0.0499944407492876,1,0,1,0,0.1264103905608256,0.7971736689408621,0.076415949811538
2022-01-16,-0.3051459062844515,1,0,1,0,0.0211216639727354,0.6526107788085938,0.3262675702571869
2022-01-17,0.173132107264417,1,0,1,0,0.3113763840576889,0.5503793389664269,0.1382442767932719
2022-01-18,0.0494123771786689,1,0,1,0,0.084205225110054,0.8810019493103027,0.034792847931385
2022-01-19,-0.1601333580911159,1,0,1,0,0.0307905711233615,0.7782854437828064,0.1909239292144775
2022-01-20,-0.02693634154134138,5,0,5,0,0.15902873176101004,0.655006202833825,0.1859650733023514
2022-01-21,-0.2778616104185342,5,0,3,2,0.1266082690119447,0.46892182181478076,0.40446987943047896
2022-01-22,-0.4461039192974567,1,0,1,0,0.0216997377574443,0.5104965567588806,0.4678036570549011
2022-01-23,-0.2675953931175173,2,0,1,1,0.15915132453665135,0.41410194151103497,0.4267467176541686
2022-01-24,-0.2925787494583126,8,0,6,2,0.09588078256594154,0.51565969657421,0.38845953202425415
2022-01-25,-0.11208920701518757,7,0,5,2,0.21891740078672078,0.45007598684687106,0.3310066078019084
2022-01-26,-0.21119765474936728,4,0,2,2,0.18454975116299668,0.4197028458413818,0.39574740591236396
2022-01-27,0.08215967494447429,2,0,2,0,0.3291847212794458,0.42379023065598354,0.24702504633497144
2022-01-28,-0.12601650969287684,6,0,6,0,0.09791562191078655,0.6781522566035133,0.22393213160366343
2022-01-29,,0,0,0,0,,,
2022-01-30,-0.08657665404358081,2,0,2,0,0.0457118293270468,0.8219996940211526,0.1322884833706276
2022-01-31,-0.3508751350772482,2,0,0,2,0.12856707792856137,0.39199071138335223,0.4794422130058096
2022-02-01,-0.47516282135620713,2,0,1,1,0.061633063945919254,0.4015710558742285,0.5367958853021264
2022-02-02,-0.0043421611949605214,3,1,2,0,0.29512112067838076,0.40541559115776576,0.2994632818733412
2022-02-03,,0,0,0,0,,,
2022-02-04,,0,0,0,0,,,
2022-02-05,-0.06765409827709111,3,1,2,0,0.17632099881505825,0.5797039092592303,0.24397509709214937
2022-02-06,0.0091530978679656,1,0,1,0,0.0502222403883934,0.9087085723876952,0.0410691425204277
2022-02-07,0.018656984809786,1,0,1,0,0.2188222704455256,0.5810124617069959,0.2001652856357395
2022-02-08,-0.1824989144436337,1,0,0,1,0.2530822873284871,0.3113364957442338,0.4355812017721208
2022-02-09,-0.6325806118547916,2,0,1,1,0.02467825636267655,0.31806291639804835,0.6572588682174683
2022-02-10,,0,0,0,0,,,
2022-02-11,-0.11561901395096659,7,1,4,2,0.17660812082400437,0.5311647359631466,0.2922271347749709
2022-02-12,-0.09376002810500461,8,0,7,1,0.17253156941366055,0.5611768329028217,0.2662915975186652
2022-02-13,-0.24831798836174937,6,0,5,1,0.09349954653686528,0.5646829076939158,0.3418175348986147
2022-02-14,-0.15318173732163184,7,0,5,2,0.17504231354389804,0.4967336553000454,0.3282240508655299
2022-02-15,-0.1572882872328174,15,3,7,5,0.15948679447459665,0.5237381156512738,0.3167750817074141
2022-02-16,0.036645588395051366,5,1,1,3,0.3679513118167793,0.30074296202517276,0.3313057234217279
2022-02-17,-0.2526339502065327,8,1,3,4,0.22128874447329536,0.304788558169539,0.4739226946798281
2022-02-18,-0.23616249604058098,5,0,4,1,0.09108156168208632,0.5816744031357592,0.32724405772266735
2022-02-19,-0.2988109961016472,13,0,8,5,0.09636653360984054,0.5084559230609786,0.3951775297114878
2022-02-20,-0.07146205767387091,5,0,4,1,0.18105241912181927,0.5664330941182796,0.2525144767956902
2022-02-21,-0.1977414883682225,9,0,6,3,0.11476238758887966,0.5727337228443072,0.31250387595710216
2022-02-22,-0.18342252252404412,18,0,11,7,0.1722814799880205,0.472014528357911,0.35570400251206463
2022-02-23,-0.13933725036158118,9,1,5,3,0.15422609126888462,0.5522105622775837,0.29356334163046577
2022-02-24,-0.21550786151534762,46,2,31,13,0.12828540823228457,0.5279213138960143,0.34379326974763225
2022-02-25,-0.21989668731854406,21,0,15,6,0.1306888704218904,0.5187255691171045,0.3505855577404345
2022-02-26,-0.2890225180437097,16,0,11,5,0.11670523664440467,0.47756699868310315,0.4057277546881144
2022-02-27,-0.14051182348515448,13,1,7,5,0.19776977146924235,0.4639486373096369,0.33828159495439686
2022-02-28,-0.20771819241149275,29,1,16,12,0.16748372025139874,0.45731437320683616,0.3752019126628915
2022-03-01,-0.14028807637377916,22,2,12,8,0.17509023404919627,0.5095314538930581,0.3153783104229754
2022-03-02,-0.05968503478045173,16,1,12,3,0.22533090420478302,0.4896531496092288,0.28501593898523475
2022-03-03,-0.1595275708301941,13,1,9,3,0.1400697522614178,0.5603329287647464,0.29959732309161197
2022-03-04,-0.18788742969554675,18,1,11,6,0.1453262885121002,0.5214599979403469,0.33321371820764695
2022-03-05,-0.1686373925372112,14,0,9,5,0.1365047876889883,0.5583530239974246,0.3051421802261995
2022-03-06,-0.08080071315357815,10,0,8,2,0.16438186953797757,0.590435540978575,0.24518258269155574
2022-03-07,-0.059817531111704784,22,2,16,4,0.22701386759123432,0.486154737486421,0.28683139870293917
2022-03-08,-0.275506330580189,24,2,13,9,0.15775473628739264,0.40898418531703146,0.43326106686758165
2022-03-09,-0.17954030193970616,17,2,9,6,0.17598927526920088,0.4684811450786339,0.35552957720890704
2022-03-10,-0.13611588871665664,3,0,1,2,0.19917449414926136,0.46553512638975775,0.335290382865918
2022-03-11,-0.19901727634393274,13,0,7,6,0.1707427714326727,0.45949719375996706,0.3697600477766055
2022-03-12,-0.19453813038496665,15,0,11,4,0.13632232823432472,0.5328172134689452,0.3308604586192914
2022-03-13,0.030703097655606658,5,0,4,1,0.2373150263783558,0.5560730398936226,0.2066119287227491
2022-03-14,-0.2638080222752712,9,1,4,4,0.13119501107670178,0.4738019594840076,0.395003033351973
2022-03-15,-0.0008331880213764449,14,1,9,4,0.2744623512790452,0.4502421023784239,0.27529553930042167
2022-03-16,-0.10048613661702464,7,0,4,3,0.25215347684993167,0.39520691869900215,0.3526396134669563
2022-03-17,-0.10054822425947205,7,0,6,1,0.14686140200298145,0.6057289734660161,0.24740962626245347
2022-03-18,0.1192592640866194,10,1,9,0,0.31402540788941236,0.4912084485373698,0.19476614380279297
2022-03-19,-0.011854499813893618,6,2,2,2,0.31287511499184695,0.36239526906930325,0.3247296148057406
2022-03-20,0.17298790762230512,3,2,1,0,0.4686553356134229,0.23567728136503505,0.2956674279911177
2022-03-21,-0.04362994283477588,11,1,9,1,0.2503926080249644,0.45558483159161417,0.2940225508597403
2022-03-22,-0.16783248021554034,8,2,5,1,0.1993506748928341,0.4334661749122472,0.3671831551083744
2022-03-23,-0.02695355576277597,9,1,8,0,0.25412893438714956,0.4647885757221,0.2810824901499255
2022-03-24,-0.14820494109289972,11,0,6,5,0.19526320612137624,0.46126863908999627,0.343468147214276
2022-03-25,0.006131851099847981,8,2,5,1,0.28540305386297515,0.4353257393844282,0.27927120276312717
2022-03-26,0.04457987456355034,4,0,4,0,0.19470076802288097,0.6551783393671976,0.1501208934593306
2022-03-27,0.021076508225151086,4,0,4,0,0.27038530108966685,0.48030590726177025,0.2493087928645157
2022-03-28,-0.11690307376087579,5,1,3,1,0.21474244463346293,0.45361203878579187,0.3316455183943387
2022-03-29,-0.026454852450143028,7,0,6,1,0.21096305751489752,0.5516190323285268,0.23741790996504056
2022-03-30,0.1177888088256303,4,1,3,0,0.38752768852112607,0.34273345330307287,0.26973887969549576
2022-03-31,-0.0565736254949679,8,1,2,5,0.2712574673095225,0.40091144704769327,0.3278310928044904
2022-04-01,0.03616349010956871,5,0,4,1,0.2040285451677711,0.6281063920054771,0.16786505505820243
2022-04-02,-0.05328776689983592,5,1,1,3,0.32335482141507477,0.30000258984587463,0.3766425883149107
2022-04-03,-0.14006827118885676,2,0,2,0,0.1503338261002224,0.5592640827075134,0.29040209728907906
2022-04-04,-0.16058978355616157,10,1,5,4,0.2520827921365143,0.33524463719448505,0.4126725756926759
2022-04-05,-0.28871577739281357,6,0,4,2,0.18814373201046386,0.33499673484401216,0.4768595094032775
2022-04-06,-0.059272036176095874,9,0,7,2,0.2238906423626149,0.49294668115954987,0.2831626785387108
2022-04-07,-0.244809069357219,7,0,5,2,0.16571198029708092,0.42376697050157464,0.4105210496543
2022-04-08,-0.1079729345136489,4,0,3,1,0.23955736553565804,0.4129123389627488,0.34753030004930696
2022-04-09,-0.056648913494966674,3,0,3,0,0.09093277708247849,0.7614855500007116,0.14758169057744513
2022-04-10,-0.11443997133368006,2,0,1,1,0.2279508578513438,0.4296582992576684,0.34239082918502384
2022-04-11,-0.096813215469335,2,0,0,2,0.27699621670143026,0.34919434623532863,0.3738094321707653
2022-04-12,0.19956060405650033,3,1,2,0,0.4028455203163672,0.3938695680411471,0.20328491625986692
2022-04-13,-0.41309261284585963,3,0,1,2,0.07959580853325766,0.42771578326310006,0.4926884213791174
2022-04-14,-0.12976794154468022,8,1,5,2,0.1905310577412947,0.489169943806021,0.32029899928597494
2022-04-15,0.07824203115446973,4,1,3,0,0.29687516128057734,0.4844917198139126,0.21863313012610758
2022-04-16,-0.3359918093916336,2,0,1,1,0.07861694316529935,0.5067743050238271,0.41460875255693297
2022-04-17,-0.17163236054198944,5,0,4,1,0.10466083282427416,0.6190459775860093,0.2762931933662636
2022-04-18,-0.05584797995039943,5,1,4,0,0.2252382932605297,0.4936754450718799,0.28108627321092916
2022-04-19,-0.32213013170177557,4,0,2,2,0.1366951182315252,0.40447963859268826,0.4588252499333008
2022-04-20,-0.21732510055940693,4,0,2,2,0.1921907045663549,0.39829348034153766,0.4095158051257619
2022-04-21,0.134132386810749,4,0,4,0,0.29218369548589,0.5497649996433089,0.158051308675141
2022-04-22,-0.03596897455832715,2,0,1,1,0.296370794568087,0.37128943840716266,0.33233976912641416
2022-04-23,-0.05403765667982959,5,0,3,2,0.22403668055394962,0.49788899185656127,0.27807433723377917
2022-04-24,-0.23829847537646331,4,0,4,0,0.09803099162684425,0.5656395502753122,0.3363294670033076
2022-04-25,-0.03578821844421327,3,2,1,0,0.3321505565351496,0.2999106747615668,0.36793877497936284
2022-04-26,-0.43711791597306726,2,0,0,2,0.1904947466216981,0.18189256861805914,0.6276126625947653
2022-04-27,-0.1513454790518428,9,1,4,4,0.2101898108603122,0.4282748975490997,0.36153528991215494
2022-04-28,-0.3556388389116101,8,0,2,6,0.17403577290263694,0.29628961355107275,0.5296746118142471
2022-04-29,-0.09841510106742624,7,1,3,3,0.20417365911621171,0.4932375837744651,0.30258876018363795
2022-04-30,-0.1098983826616498,6,0,4,2,0.1547740294179586,0.580553558678467,0.2646724120796084
2022-05-01,-0.007700983965713948,2,0,2,0,0.2467286990265295,0.498841620516032,0.2544296829922435
2022-05-02,-0.018201791387060896,4,1,3,0,0.20433877468025213,0.5731206601975619,0.22254056606731304
2022-05-03,-0.03360393463047125,4,1,2,1,0.32008016742256357,0.3262357235004478,0.3536841020530349
2022-05-04,0.07991131450995279,4,2,0,2,0.398146289152224,0.2836187419364082,0.31823497464227124
2022-05-05,-0.2528491958934012,6,0,2,4,0.19522752731925133,0.35669575758011485,0.44807672321265263
2022-05-06,-0.36273197996770107,2,0,1,1,0.10164435046710185,0.43397931395364653,0.464376330434803
2022-05-07,-0.15021870782236668,6,0,4,2,0.16162491811491134,0.526531457541407,0.31184362593727805
2022-05-08,-0.07027378627875198,5,0,5,0,0.14723059570002883,0.6352650225172854,0.21750438197878083
2022-05-09,-0.2953906998526567,6,0,4,2,0.1688966210373514,0.3668160527010836,0.4642873208900082
2022-05-10,-0.17419009561126586,2,0,1,1,0.12318842396004276,0.5794330549251754,0.2973785195713086
2022-05-11,-0.4298317944353801,4,0,2,2,0.07083801766173793,0.4284921625586567,0.500669812097118
2022-05-12,-0.16659293877374795,3,0,1,2,0.19455901190358535,0.4442890496620166,0.3611519506773333
2022-05-13,0.02220695708612243,3,0,3,0,0.12836215388406774,0.7654826447944201,0.10615519679794529
2022-05-14,-0.3769031931380076,1,0,0,1,0.1570799801764743,0.3089368377945253,0.533983173314482
2022-05-15,-0.17803247843403366,2,0,2,0,0.05547158257104455,0.7110243693459779,0.2335040610050782
2022-05-16,-0.2565855443372628,4,1,2,1,0.15170219050966857,0.44001007435761175,0.4082877348469314
2022-05-17,0.006073465932608028,3,1,1,1,0.25113293822524535,0.503807607537525,0.24505947229263728
2022-05-18,-0.02723657709270188,4,0,4,0,0.218601662969693,0.535560100982757,0.24583824006239488
2022-05-19,-0.31046270505018253,3,0,1,2,0.17782840066589337,0.33388049017561067,0.488291105716076
2022-05-20,-0.21080564427832585,5,1,1,3,0.23198593724762925,0.32522248305868173,0.4427915815259551
2022-05-21,-0.1540522019965453,3,0,3,0,0.12737369990859226,0.5912004001138256,0.28142590190513755
2022-05-22,-0.43366689044826967,2,0,1,1,0.0640378952569638,0.4382573271480699,0.4977047857052336
2022-05-23,-0.220771430019807,4,0,2,2,0.15597375818956444,0.46728105670707365,0.3767451882093715
2022-05-24,-0.45637245916154684,3,0,1,2,0.06969217289858026,0.4042431839717577,0.5260646320601272
2022-05-25,-0.28219871871734564,5,0,2,3,0.13750172717253967,0.4427978158434932,0.4197004458898853
2022-05-26,-0.051524065344387436,3,0,3,0,0.182463650436451,0.5835486326056222,0.23398771578083846
2022-05-27,0.09231444424201206,2,1,1,0,0.3844304912158155,0.3234534592467493,0.29211604697380344
2022-05-28,0.016624730593369663,2,1,0,1,0.34909918060836687,0.3184263634743789,0.3324744500149972
2022-05-29,,0,0,0,0,,,
2022-05-30,-0.1882217642851174,2,0,1,1,0.21768526669502966,0.3764076931357738,0.4059070309801471
2022-05-31,-0.0763182364818122,1,0,1,0,0.1059309722234805,0.7118198244522015,0.1822492087052928
2022-06-01,-0.6382987190969288,4,0,1,3,0.08517253538593644,0.191356161981821,0.7234712544828653
2022-06-02,-0.3303843581710349,1,0,0,1,0.1400662866336378,0.3894830831241878,0.4704506448046727
2022-06-03,-0.06399436470819636,4,0,3,1,0.23812136209647478,0.4597629011919101,0.30211572680467114
2022-06-04,,0,0,0,0,,,
2022-06-05,-0.3285613815744662,2,0,1,1,0.14619984653439708,0.37903892735696654,0.47476122810886323
2022-06-06,,0,0,0,0,,,
2022-06-07,-0.1208778410482792,4,0,2,2,0.20034044347240398,0.4784412643896984,0.32121828452068324
2022-06-08,0.010171829759778947,3,1,1,1,0.26155173171326396,0.4870683809516893,0.251379901953485
2022-06-09,-0.053609024970700955,2,0,2,0,0.171931631205713,0.6025277109743625,0.22554065617641395
2022-06-10,-0.2677040086438486,2,1,0,1,0.2561922861618888,0.2199114269086725,0.5238962948057374
2022-06-11,-0.0168965873553564,1,0,0,1,0.3285069433776171,0.3260895181447267,0.3454035307329736
2022-06-12,-0.183707544472482,4,0,4,0,0.1121167772245381,0.5920589023863846,0.29582432169702017
2022-06-13,-0.3345883776768086,2,0,1,1,0.12472170697222659,0.41596820553303016,0.4593100846490353
2022-06-14,-0.17820939653951315,3,1,1,1,0.16841104549766586,0.48496851296436905,0.346620442037179
2022-06-15,-0.13332155299162965,4,0,3,1,0.19483229327380797,0.4770138757225747,0.32815384626543764
2022-06-16,-0.13090352442724484,4,1,3,0,0.15514560646506284,0.5588052638306626,0.28604913089230766
2022-06-17,-0.02835750441496763,5,0,3,2,0.2625499286512151,0.44654264297758217,0.2909074330661828
2022-06-18,-0.0914602555119647,1,0,1,0,0.2435502243371537,0.421439283957275,0.3350104798491184
2022-06-19,0.005585884300829902,2,0,1,1,0.24121177740617775,0.5231623216633401,0.23562589310534782
2022-06-20,,0,0,0,0,,,
2022-06-21,,0,0,0,0,,,
2022-06-22,-0.311216932287345,2,0,1,1,0.1547270494244866,0.37932894352065805,0.4659439817118316
2022-06-23,,0,0,0,0,,,
2022-06-24,-0.1606637862595644,1,0,1,0,0.163786684078249,0.5117628743702715,0.3244504703378135
2022-06-25,,0,0,0,0,,,
2022-06-26,-0.284455337212421,1,0,1,0,0.0707889599725604,0.5739667447051033,0.3552442971849814
2022-06-27,,0,0,0,0,,,
2022-06-28,-0.2776018501368954,1,0,0,1,0.2524728643269661,0.2174524243044502,0.5300747144638616
2022-06-29,0.10472892138820421,2,1,1,0,0.30732436424407816,0.4900801857360281,0.2025954428558739
2022-06-30,-0.2029560850926985,5,0,3,2,0.13046339678530314,0.5361171252792463,0.33341948187800174
2022-07-01,0.0139084514230489,1,0,1,0,0.0426609553396701,0.928586483001709,0.0287525039166212
2022-07-02,-0.4172944351099431,1,0,0,1,0.0694547845050692,0.4437959952279925,0.4867492196150124
2022-07-03,,0,0,0,0,,,
2022-07-04,,0,0,0,0,,,
2022-07-05,-0.0825527024201371,1,0,1,0,0.2276696686378934,0.4621079425242814,0.3102223710580306
2022-07-06,-0.1588129400659133,1,0,1,0,0.0809072822551516,0.6793725069831399,0.239720222321065
2022-07-07,0.0062080803094431425,2,1,0,1,0.44642138150520616,0.11336530876578754,0.4402133011957631
2022-07-08,-0.001679483819280699,3,2,0,1,0.36696548717482186,0.2643895335642949,0.3686449709941025
2022-07-09,,0,0,0,0,,,
2022-07-10,,0,0,0,0,,,
2022-07-11,-0.2577740825712681,1,0,1,0,0.0970733553171157,0.5480791896581649,0.3548474378883838
2022-07-12,-0.2937161537951657,1,0,0,1,0.2153711282287021,0.275541597730195,0.5090872820238678
2022-07-13,-0.047343206417916006,3,1,2,0,0.19473588130287267,0.5631850376922539,0.24207908772078868
2022-07-14,-0.0270901803548137,1,0,0,1,0.3913034146119441,0.1903029995571289,0.4183935949667579
2022-07-15,,0,0,0,0,,,
2022-07-16,-0.0477391630411148,1,0,1,0,0.1529921144247055,0.646276593208313,0.2007312774658203
2022-07-17,0.0300108364317566,1,0,1,0,0.0997418509796261,0.8305271565914154,0.0697310145478695
2022-07-18,-0.0312794141814504,1,0,1,0,0.2569390175079828,0.4548425531799072,0.2882184316894333
2022-07-19,,0,0,0,0,,,
2022-07-20,-0.13660629910388675,2,0,1,1,0.16732498982808355,0.528743729887135,0.30393128893197036
2022-07-21,-0.20093863234958714,2,0,1,1,0.2904396844613883,0.2181820051175438,0.4913783168109755
2022-07-22,-0.23072005988215089,2,0,0,2,0.21058025033562444,0.3481194408377632,0.4413003102177754
2022-07-23,-0.3905046092932699,2,0,1,1,0.0875374592185296,0.4344205068838265,0.47804206851179953
2022-07-24,,0,0,0,0,,,
2022-07-25,,0,0,0,0,,,
2022-07-26,-0.14121634706967048,5,0,2,3,0.17131101152562478,0.5161616374482974,0.3125273585952953
2022-07-27,-0.47706059503126075,4,0,1,3,0.1389600764723845,0.245019263889897,0.6160206715036454
2022-07-28,0.06592482536270995,3,1,0,2,0.37633068207850373,0.3132634540685476,0.31040585671579385
2022-07-29,-0.1661603275531282,2,0,1,1,0.14434904437512155,0.5451415865992506,0.3105093719282498
2022-07-30,-0.2210696805268526,1,0,1,0,0.0268772523850202,0.7251757979393005,0.2479469329118728
2022-07-31,0.007327210432028,1,0,1,0,0.2501697407706695,0.5069877242340761,0.2428425303386414
2022-08-01,0.0356268671651681,1,0,1,0,0.3366411219661434,0.3623446573813756,0.3010142548009753
2022-08-02,-0.03120437584168805,2,0,2,0,0.288001168490709,0.3927932843211151,0.3192055443323971
2022-08-03,-0.639543115956864,2,0,0,2,0.050284102539687056,0.25988866978635383,0.689827218496551
2022-08-04,-0.20052780284701535,2,0,1,1,0.247642903161856,0.30418639661123353,0.4481707060088714
2022-08-05,,0,0,0,0,,,
2022-08-06,,0,0,0,0,,,
2022-08-07,,0,0,0,0,,,
2022-08-08,0.1817511659381645,2,0,2,0,0.20413379743695256,0.7734835616179875,0.02238263149878805
2022-08-09,-0.0642515233582041,2,0,2,0,0.13099186811208105,0.6737647454331939,0.19524339147028508
2022-08-10,,0,0,0,0,,,
2022-08-11,-0.02881571271801056,5,1,3,1,0.29895012744084376,0.3732840310841568,0.3277658401588543
2022-08-12,-0.11644449551767178,3,0,2,1,0.09555158624425526,0.6924523301607381,0.21199608176192708
2022-08-13,-0.25585159612819547,2,0,1,1,0.087256285874173,0.5696358147775754,0.3431078820023685
2022-08-14,,0,0,0,0,,,
2022-08-15,-0.26387908359590384,2,0,2,0,0.1491658093540796,0.4377893105681453,0.4130448929499835
2022-08-16,-0.1901971997208428,2,0,1,1,0.1873136512203052,0.4351755054534783,0.377510850941148
2022-08-17,,0,0,0,0,,,
2022-08-18,-0.2888137817231787,1,0,0,1,0.20552700662331,0.3001322086170517,0.4943407883464887
2022-08-19,-0.1252694276567452,1,0,1,0,0.1576444454109057,0.5594416905242281,0.282913873067651
2022-08-20,-0.1772777273416005,1,0,1,0,0.1937925387495036,0.435137196668777,0.3710702660911042
2022-08-21,,0,0,0,0,,,
2022-08-22,,0,0,0,0,,,
2022-08-23,0.06046983065749063,3,0,3,0,0.218816538827057,0.6228367512944665,0.15834670816956642
2022-08-24,0.000276403215069,1,0,1,0,0.128767104103015,0.7427422014566568,0.1284907008879459
2022-08-25,,0,0,0,0,,,
2022-08-26,-0.04482848005912579,4,0,4,0,0.13030885203431047,0.6945538377156482,0.17513733209343624
2022-08-27,-0.105731330153237,1,0,1,0,0.1308512837603324,0.632566105756091,0.2365826139135695
2022-08-28,-0.4059174060821533,1,0,1,0,0.0237138271331787,0.5466549396514893,0.429631233215332
2022-08-29,-0.13796685335215958,5,0,4,1,0.16958034468205727,0.5228724537004361,0.3075471980342169
2022-08-30,0.26144393242031944,3,2,1,0,0.4241328937077146,0.4131781591866643,0.16268896128739518
2022-08-31,-0.5036683002797266,3,1,0,2,0.18699101386591785,0.1223496736337741,0.6906593141456444
2022-09-01,,0,0,0,0,,,
2022-09-02,,0,0,0,0,,,
2022-09-03,,0,0,0,0,,,
2022-09-04,-0.6704307207837701,2,0,0,2,0.0241986565912763,0.28117196510235465,0.6946293773750465
2022-09-05,-0.21918220899921528,4,0,3,1,0.06554748157375592,0.6497228344307384,0.28472969057297126
2022-09-06,0.2249514636406231,1,0,1,0,0.3258178258492124,0.5733158033607262,0.1008663622085892
2022-09-07,-0.2912640021432913,2,0,2,0,0.09220837955657579,0.5243192364244534,0.3834723816998671
2022-09-08,-0.6249889369122684,1,0,0,1,0.0204940740950405,0.3340229012072086,0.645483011007309
2022-09-09,-0.1110727451741695,1,0,1,0,0.0318117178976535,0.8253037929534912,0.1428844630718231
2022-09-10,0.4961784780025482,1,1,0,0,0.7201755046844482,0.0558275170624256,0.2239970266819
2022-09-11,,0,0,0,0,,,
2022-09-12,-0.1691292561590671,1,0,1,0,0.0424700565636158,0.7459306716918945,0.2115993127226829
2022-09-13,0.0270293445818469,2,0,2,0,0.29792945634663964,0.43117043206877737,0.2709001117647927
2022-09-14,-0.1588246431783773,2,0,2,0,0.1664069605758413,0.5083614411996678,0.32523160375421867
2022-09-15,-0.12772876485234194,2,0,1,1,0.26850516858133466,0.33526090362967126,0.39623393343367663
2022-09-16,-0.08802393033208016,4,0,1,3,0.27647885055242416,0.35901837132017433,0.3645027808845043
2022-09-17,0.1786453046370297,1,0,1,0,0.3494308007260163,0.4797836958120267,0.1707854960889866
2022-09-18,-0.3024933995735465,1,0,1,0,0.1082375312619137,0.4810315260494297,0.4107309308354602
2022-09-19,-0.1411497775081764,2,0,2,0,0.11250535242588194,0.633839506053311,0.2536551299340584
2022-09-20,-0.00751344114542,1,0,1,0,0.0473840534687042,0.8977184295654297,0.0548974946141243
2022-09-21,-0.1756829337421406,5,0,4,1,0.1917936505130975,0.4407297621947964,0.3674765842552382
2022-09-22,-0.32691574374429155,5,0,1,4,0.17587784742531784,0.32132856952166416,0.5027935911696094
2022-09-23,-0.2034952812810604,6,0,3,3,0.1982761746163523,0.3999523635063132,0.40177145589741275
2022-09-24,-0.3395431855106321,2,0,1,1,0.11694541121023175,0.42656598205718654,0.45648859672086395
2022-09-25,-0.2742349973802144,2,0,1,1,0.13874758698511866,0.44826983055099845,0.4129825843653331
2022-09-26,-0.22290715939986205,2,0,2,0,0.0642149731284007,0.6486628971373041,0.2871221325282628
2022-09-27,-0.11412913453757048,4,0,2,2,0.2097651208842098,0.4663406291915585,0.32389425542178024
2022-09-28,-0.1116752853817565,2,0,1,1,0.14492935336117313,0.5984660050792929,0.2566046387429297
2022-09-29,-0.09047958839834591,3,0,3,0,0.10549593479925644,0.698528527728214,0.19597552319760234
2022-09-30,,0,0,0,0,,,
2022-10-01,,0,0,0,0,,,
2022-10-02,-0.40265432262926226,2,0,1,1,0.059984314876298045,0.4773770568981057,0.46263863750556045
2022-10-03,-0.44639513329835606,2,0,0,2,0.12363417046610264,0.30633653315249826,0.5700293037644588
2022-10-04,,0,0,0,0,,,
2022-10-05,-0.2498275022953748,1,0,0,1,0.2633649725466966,0.2234425670467317,0.5131924748420715
2022-10-06,-0.1787966356720202,1,0,1,0,0.1009227530493472,0.6193578567785712,0.2797193887213675
2022-10-07,-0.4494382208862685,4,0,2,2,0.12332646478347377,0.3039088495308533,0.5727646856697423
2022-10-08,-0.2331925908065572,2,0,0,2,0.2864200953318148,0.1939672022411713,0.5196126861383721
2022-10-09,,0,0,0,0,,,
2022-10-10,-0.2011657317739379,4,0,2,2,0.154281439051485,0.4902713881849719,0.355447170825423
2022-10-11,-0.2229175156250777,4,0,3,1,0.1073116174462484,0.5624592530566992,0.3302291330713261
2022-10-12,-0.26128971577048876,2,0,1,1,0.17584533082106366,0.38701962084294506,0.4371350465915524
2022-10-13,-0.2454046724985043,1,0,1,0,0.0553244880090157,0.6439463893572489,0.30072916050752
2022-10-14,-0.177187927504484,3,0,1,2,0.21676144975806685,0.3892891735925028,0.39394937726255086
2022-10-15,0.2231205445049064,1,0,1,0,0.2571400771183627,0.7088403935943332,0.0340195326134562
2022-10-16,-0.1679291163909841,2,0,2,0,0.10676824153316289,0.6185344169424339,0.274697357924147
2022-10-17,-0.19338475278610445,4,0,4,0,0.10308503710860005,0.6004451810026006,0.2964697898947045
2022-10-18,,0,0,0,0,,,
2022-10-19,-0.5315480428239838,1,0,0,1,0.1493174837140197,0.1698170214552771,0.6808655265380036
2022-10-20,-0.0502232973729925,1,0,0,1,0.3076734361904008,0.3344298267204846,0.3578967335633933
2022-10-21,-0.06382070295293026,2,0,2,0,0.2345004088886714,0.46717846397978235,0.2983211118416017
2022-10-22,,0,0,0,0,,,
2022-10-23,-0.480917793723247,2,0,0,2,0.08634077128584655,0.34640066370505973,0.5672585650090936
2022-10-24,-0.2474506464786827,1,0,1,0,0.1106756624455253,0.5311980197827021,0.3581263089242081
2022-10-25,,0,0,0,0,,,
2022-10-26,0.043539879587478895,2,0,2,0,0.1856649961788207,0.6722099122125655,0.14212511659134175
2022-10-27,0.054513176211425964,3,1,2,0,0.23361399351859333,0.5872851936969311,0.17910081730716743
2022-10-28,-0.5938259602213899,1,0,0,1,0.028201873621179,0.3497702920188506,0.6220278338425689
2022-10-29,-0.2952263811603188,1,0,1,0,0.0802709963172674,0.5442316395541033,0.3754973774775862
2022-10-30,,0,0,0,0,,,
2022-10-31,,0,0,0,0,,,
2022-11-01,,0,0,0,0,,,
2022-11-02,,0,0,0,0,,,
2022-11-03,-0.2125110142144628,2,0,2,0,0.07433069251287215,0.6388275928118012,0.286841706727335
2022-11-04,0.008575298502627348,2,0,2,0,0.1673343227451874,0.6739066272974015,0.15875902424256
2022-11-05,0.0215109809018347,1,0,1,0,0.156939801355095,0.7076313677041427,0.1354288204532602
2022-11-06,,0,0,0,0,,,
2022-11-07,-0.18168014397379012,2,0,1,1,0.09693809688712154,0.6244436595588923,0.27861824086091164
2022-11-08,-0.0965008812846016,1,0,1,0,0.1359903510596792,0.6315184156647173,0.2324912323442808
2022-11-09,-0.0739920997293459,3,0,3,0,0.21479262621908876,0.49642265162617744,0.2887847259484347
2022-11-10,,0,0,0,0,,,
2022-11-11,-0.32110587428517956,2,0,1,1,0.15227958394874194,0.37433494134650874,0.47338545823392153
2022-11-12,,0,0,0,0,,,
2022-11-13,,0,0,0,0,,,
2022-11-14,,0,0,0,0,,,
2022-11-15,-0.5170064245661099,1,0,0,1,0.0286152486999829,0.4257630581657092,0.5456216732660929
2022-11-16,-0.17393951738874122,2,1,0,1,0.3916915034254392,0.0426774861601491,0.5656310208141804
2022-11-17,-0.5581098413306542,1,0,0,1,0.0441282529764893,0.3536336501975628,0.6022380943071436
2022-11-18,,0,0,0,0,,,
2022-11-19,,0,0,0,0,,,
2022-11-20,-0.4276075737240413,1,0,0,1,0.0792291363390783,0.4139341545601686,0.5068367100631197
2022-11-21,-0.2735187419457361,1,0,1,0,0.0352022312581539,0.6560768033377826,0.30872097320389
2022-11-22,-0.2084647560198056,1,0,0,1,0.2873704403050636,0.2167943652327123,0.4958351963248692
2022-11-23,-0.8240314722061157,1,0,0,1,0.0293754935264587,0.1172175481915474,0.8534069657325745
2022-11-24,-0.0870342141899623,2,0,1,1,0.21271738806745213,0.4875310042688491,0.2997516022574145
2022-11-25,-0.009959087613452633,3,1,2,0,0.2927757610385823,0.40448938556636377,0.302734848652035
2022-11-26,,0,0,0,0,,,
2022-11-27,,0,0,0,0,,,
2022-11-28,-0.0149482434083308,1,0,1,0,0.3038439791250442,0.3773638157706175,0.318792222533375
2022-11-29,-0.599914163351059,1,0,0,1,0.0895708501338958,0.2209441214799881,0.6894850134849548
2022-11-30,-0.1715677729652573,1,0,0,1,0.3127246050629765,0.2029830273551245,0.4842923780282338
2022-12-01,0.0047997196520848,2,0,2,0,0.2761747360803172,0.45245024533561096,0.2713750164282324
2022-12-02,-0.1260758762394911,1,0,1,0,0.1550899897947123,0.56374414245549,0.2811658660342034
2022-12-03,,0,0,0,0,,,
2022-12-04,,0,0,0,0,,,
2022-12-05,-0.2812862263992428,1,0,1,0,0.0752554325386881,0.568202904611826,0.356541658937931
2022-12-06,,0,0,0,0,,,
2022-12-07,-0.18312670203029288,2,1,0,1,0.2994599310836444,0.2179534495187302,0.48258663311393724
2022-12-08,-0.0679690217366442,1,0,1,0,0.0718540041707456,0.7883229646831751,0.1398230259073898
2022-12-09,0.1341947870329022,1,0,1,0,0.1653561860322952,0.8034824013710022,0.0311613989993929
2022-12-10,,0,0,0,0,,,
2022-12-11,,0,0,0,0,,,
2022-12-12,-0.2932281353595582,1,0,0,1,0.2651221105320887,0.176527647470886,0.558350245891647
2022-12-13,-0.1687534099384661,1,0,0,1,0.3129525734412093,0.2053414434494991,0.4817059833796755
2022-12-14,-0.0043200579253517,2,1,1,0,0.3065442246378652,0.3825914895549555,0.3108642825632169
2022-12-15,,0,0,0,0,,,
2022-12-16,,0,0,0,0,,,
2022-12-17,,0,0,0,0,,,
2022-12-18,,0,0,0,0,,,
2022-12-19,-0.6541438986314461,2,0,0,2,0.0717140240288388,0.2024280477903391,0.7258579226602849
2022-12-20,-0.14718344538880349,5,0,4,1,0.14228338492093667,0.5682497815928526,0.2894668303097402
2022-12-21,0.1860327862086706,1,0,1,0,0.2889672003220767,0.608098384924233,0.102934414113406
2022-12-22,,0,0,0,0,,,
2022-12-23,-0.3249551742027203,1,0,0,1,0.1682299407819907,0.3385849597553412,0.493185114984711
2022-12-24,0.197354825027287,1,0,1,0,0.2366434656083584,0.7240678887814284,0.0392886405810713
2022-12-25,,0,0,0,0,,,
2022-12-26,,0,0,0,0,,,
2022-12-27,0.00430624789497315,2,0,2,0,0.18989673567380572,0.624512774846172,0.1855904877788326
2022-12-28,-0.5403425307013094,2,0,0,2,0.11779520502313964,0.22406707387417554,0.6581377357244491
2022-12-29,-0.1108297497942176,6,0,5,1,0.1853713095272395,0.5184276308662059,0.2962010593214571
2022-12-30,,0,0,0,0,,,
2022-12-31,-0.20074658543647575,2,0,0,2,0.2249237265476646,0.34940596205803254,0.42567031198414035
2023-01-01,0.121536070222242,1,0,1,0,0.2359948131359285,0.6495464437951645,0.1144587429136865
2023-01-02,-0.599824864770441,2,0,0,2,0.07762900053445865,0.24491714104078705,0.6774538653048997
2023-01-03,0.2116428878815734,1,1,0,0,0.5013944271075375,0.208854036843952,0.2897515392259639
2023-01-04,-0.0401614912992005,2,0,2,0,0.1870762308250671,0.5856860488321236,0.22723772212426763
2023-01-05,-0.11650405625502265,2,0,2,0,0.10109258027126385,0.6813107858101527,0.21759663652628655
2023-01-06,-0.3195598700549453,2,0,1,1,0.11856633677290604,0.4433074456950028,0.4381262068278514
2023-01-07,-0.2125765774566848,2,0,2,0,0.1568404765262663,0.4737424648761212,0.3694170539829511
2023-01-08,0.0895879686005034,1,0,1,0,0.2746635105784477,0.5402609463623267,0.1850755419779442
2023-01-09,,0,0,0,0,,,
2023-01-10,0.1249183421605266,1,0,1,0,0.2809257814078592,0.5630667768418789,0.1560074392473325
2023-01-11,,0,0,0,0,,,
2023-01-12,-0.0196424699194418,1,0,1,0,0.3050608335858366,0.370235873987743,0.3247033035052785
2023-01-13,0.0967911008745432,1,1,0,0,0.3889242211977641,0.3189426522081097,0.2921331203232208
2023-01-14,0.0160633455961942,1,0,1,0,0.0453970991075038,0.9252691864967346,0.0293337535113096
2023-01-15,0.0087222948670387,1,0,1,0,0.3352902755141258,0.3381417214870453,0.3265679806470871
2023-01-16,,0,0,0,0,,,
2023-01-17,-0.0066626914937434,1,0,1,0,0.1430216595080906,0.7072939818789219,0.149684351001834
2023-01-18,,0,0,0,0,,,
2023-01-19,0.3440751214669544,1,0,1,0,0.4427834726017663,0.4585081915355334,0.0987083511348119
2023-01-20,-0.0107642111834138,1,0,1,0,0.1635277786602576,0.6621802647908529,0.1742919898436715
2023-01-21,-0.1634718874079543,2,0,2,0,0.0692936131665699,0.6979408715959898,0.2327655005745243
2023-01-22,,0,0,0,0,,,
2023-01-23,-0.33199415014294736,4,0,0,4,0.19528275914066892,0.277440339513123,0.5272769092836164
2023-01-24,,0,0,0,0,,,
2023-01-25,,0,0,0,0,,,
2023-01-26,0.2345510194078088,1,0,1,0,0.3930183630436659,0.4485142923891544,0.1584673436358571
2023-01-27,,0,0,0,0,,,
2023-01-28,,0,0,0,0,,,
2023-01-29,,0,0,0,0,,,
2023-01-30,-0.2515634649761897,2,0,0,2,0.2779159434413647,0.19260462409104495,0.5294794084175545
2023-01-31,,0,0,0,0,,,
2023-02-01,0.0115532615800967,1,0,1,0,0.3182692484477082,0.3750147672269392,0.3067159868676115
2023-02-02,-0.06432946385260714,3,2,0,1,0.39005150834446517,0.15556752384179315,0.45438097219707235
2023-02-03,-0.2705546126124405,1,0,0,1,0.1588868308546287,0.411671749005715,0.4294414434670692
2023-02-04,0.12874985182736295,3,0,2,1,0.3313418687511299,0.4660661108660337,0.20259201692376694
2023-02-05,0.0338655449450016,1,0,1,0,0.0626769494265317,0.9085116684436798,0.0288114044815301
2023-02-06,,0,0,0,0,,,
2023-02-07,0.1563564913714645,1,0,1,0,0.2910054000619221,0.5743456924412872,0.1346489086904576
2023-02-08,0.0747879296541214,1,0,1,0,0.1245602145791053,0.8256675601005554,0.0497722849249839
2023-02-09,,0,0,0,0,,,
2023-02-10,-0.042199707071902966,3,1,1,1,0.33024948590198555,0.297301353792113,0.3724491929738885
2023-02-11,,0,0,0,0,,,
2023-02-12,,0,0,0,0,,,
2023-02-13,,0,0,0,0,,,
2023-02-14,0.1674468029769531,2,1,1,0,0.35529983201577586,0.4568471433356022,0.18785302903882273
2023-02-15,,0,0,0,0,,,
2023-02-16,,0,0,0,0,,,
2023-02-17,,0,0,0,0,,,
2023-02-18,-0.01213246702294175,2,0,2,0,0.3230379258631728,0.34179168260501075,0.3351703928861146
2023-02-19,,0,0,0,0,,,
2023-02-20,,0,0,0,0,,,
2023-02-21,0.0321142918740709,1,0,1,0,0.0537215967973073,0.9246710737546284,0.0216073049232363
2023-02-22,,0,0,0,0,,,
2023-02-23,0.035616410851833334,3,0,3,0,0.06507657499363019,0.9054632470721291,0.029460164141796866
2023-02-24,0.2719661329562465,2,0,2,0,0.3418486382191379,0.5882688733749092,0.0698825052628914
2023-02-25,-0.29175518751920515,2,0,1,1,0.19596906223644808,0.3163066363583008,0.4877242497556532
2023-02-26,-0.3185893711375279,3,0,2,1,0.03140820249811637,0.6185942372928063,0.3499975736356444
2023-02-27,,0,0,0,0,,,
2023-02-28,0.2662163324033221,1,0,1,0,0.370439217115442,0.5253378773729006,0.1042228847121198
2023-03-01,0.08552719912294181,2,1,1,0,0.41202658285019966,0.26147403124004903,0.32649938372725784
2023-03-02,-0.0769146652140514,3,0,2,1,0.22895575855307362,0.46517380374191486,0.3058704237671251
2023-03-03,,0,0,0,0,,,
2023-03-04,,0,0,0,0,,,
2023-03-05,,0,0,0,0,,,
2023-03-06,0.1925216279178858,1,1,0,0,0.4015456592291593,0.3894303093478083,0.2090240313112735
2023-03-07,,0,0,0,0,,,
2023-03-08,0.1359836865216493,1,1,0,0,0.435864457860589,0.2642547569237649,0.2998807713389396
2023-03-09,-0.056853485526517,1,0,1,0,0.1810605947393924,0.5810253350064158,0.2379140802659094
2023-03-10,,0,0,0,0,,,
2023-03-11,0.0559510972679537,1,0,1,0,0.3006493570283055,0.4546523716793779,0.2446982597603517
2023-03-12,0.12068573782802972,4,1,3,0,0.3345820581744563,0.45152162313297456,0.2138963203464265
2023-03-13,-0.1879612215794623,1,0,1,0,0.1998014318756759,0.4124359162524342,0.3877626534551382
2023-03-14,0.097418331674167,1,0,1,0,0.3230219557881355,0.4513744429818221,0.2256036241139684
2023-03-15,-0.0770474223271859,1,0,0,1,0.3113240543435412,0.300304469102147,0.3883714766707271
2023-03-16,,0,0,0,0,,,
2023-03-17,-0.0818530850228853,2,0,0,2,0.2819900948088616,0.3541667167640602,0.36384317983174697
2023-03-18,,0,0,0,0,,,
2023-03-19,,0,0,0,0,,,
2023-03-20,-0.3963108696043491,1,0,1,0,0.0179612301290035,0.5677666664123535,0.4142720997333526
2023-03-21,-0.171493243864354,1,0,0,1,0.2224524763741475,0.3836018082630985,0.3939457202385015
2023-03-22,-0.08735369962943325,2,0,1,1,0.1962936845943765,0.5200589443881845,0.28364738422380975
2023-03-23,-0.228033909574151,1,0,1,0,0.0685729653175388,0.6348201653787068,0.2966068748916898
2023-03-24,-0.1795718491077423,1,0,1,0,0.0671998873353004,0.6860283851623535,0.2467717364430427
2023-03-25,,0,0,0,0,,,
2023-03-26,,0,0,0,0,,,
2023-03-27,0.021931251113754546,2,0,1,1,0.2837619834431362,0.45440727375610024,0.2618307323293817
2023-03-28,-0.037251344797874064,3,0,3,0,0.10866531186426671,0.7454180525059605,0.14591665666214082
2023-03-29,-0.0089471196575511,2,0,2,0,0.23604328296327537,0.5189663083322587,0.24499040262082644
2023-03-30,-0.278330366127193,1,0,0,1,0.1940316522493958,0.3336063098162413,0.4723620183765888
2023-03-31,0.19113407001540095,3,3,0,0,0.4226766277088696,0.34578082105184654,0.23154255769346857
2023-04-01,,0,0,0,0,,,
2023-04-02,-0.3953269227572223,1,0,0,1,0.2230570151415818,0.1585590433986748,0.6183839378988042
2023-04-03,-0.104358083801344,1,0,1,0,0.1476893434301018,0.6002632454037666,0.2520474272314459
2023-04-04,,0,0,0,0,,,
2023-04-05,-0.23890284581877355,3,0,2,1,0.11115697541929499,0.5387831742000008,0.3500598212380686
2023-04-06,-0.11097365838141564,3,0,1,2,0.205038397079757,0.47894954662722994,0.31601205546117256
2023-04-07,,0,0,0,0,,,
2023-04-08,,0,0,0,0,,,
2023-04-09,,0,0,0,0,,,
2023-04-10,-0.1191020049154758,1,0,0,1,0.28044704605587,0.3200039166610601,0.3995490509713458
2023-04-11,0.0492324690733637,2,0,2,0,0.07459173770621415,0.9000489988497326,0.02535926863285045
2023-04-12,,0,0,0,0,,,
2023-04-13,,0,0,0,0,,,
2023-04-14,,0,0,0,0,,,
2023-04-15,,0,0,0,0,,,
2023-04-16,,0,0,0,0,,,
2023-04-17,-0.2197170932353897,1,0,1,0,0.1837140868248587,0.4128547633405436,0.4034311800602485
2023-04-18,0.493183320787336,1,1,0,0,0.6482056145157132,0.1967721097171306,0.1550222937283771
2023-04-19,,0,0,0,0,,,
2023-04-20,,0,0,0,0,,,
2023-04-21,0.0433419564609774,1,0,1,0,0.3291182073736839,0.3851055332394962,0.2857762509127065
2023-04-22,-0.5175497743766755,1,0,0,1,0.031409895978868,0.4196304262150079,0.5489596703555435
2023-04-23,,0,0,0,0,,,
2023-04-24,-0.369128381445383,1,0,1,0,0.0332440020671735,0.5643836231902242,0.4023723835125565
2023-04-25,0.04891576661597845,2,0,2,0,0.292866641851277,0.4631824738341541,0.24395087523529854
2023-04-26,,0,0,0,0,,,
2023-04-27,,0,0,0,0,,,
2023-04-28,,0,0,0,0,,,
2023-04-29,,0,0,0,0,,,
2023-04-30,,0,0,0,0,,,
2023-05-01,,0,0,0,0,,,
2023-05-02,,0,0,0,0,,,
2023-05-03,,0,0,0,0,,,
2023-05-04,-0.06729985894014438,2,0,2,0,0.2300682794488966,0.4725635793774078,0.29736813838904097
2023-05-05,,0,0,0,0,,,
2023-05-06,,0,0,0,0,,,
2023-05-07,,0,0,0,0,,,
2023-05-08,-0.0312025044113397,1,0,1,0,0.025612873956561,0.917571783065796,0.0568153783679008
2023-05-09,,0,0,0,0,,,
2023-05-10,,0,0,0,0,,,
2023-05-11,-0.1063647357154299,2,0,2,0,0.0847480217841538,0.7241392214359208,0.1911127574995837
2023-05-12,,0,0,0,0,,,
2023-05-13,,0,0,0,0,,,
2023-05-14,,0,0,0,0,,,
2023-05-15,,0,0,0,0,,,
2023-05-16,,0,0,0,0,,,
2023-05-17,,0,0,0,0,,,
2023-05-18,,0,0,0,0,,,
2023-05-19,,0,0,0,0,,,
2023-05-20,0.0092573702678014,1,0,1,0,0.2492023069710242,0.5108527573581152,0.2399449367032228
2023-05-21,-0.0485098958015441,1,0,1,0,0.0348029881715774,0.8818841278553009,0.0833128839731216
2023-05-22,,0,0,0,0,,,
2023-05-23,,0,0,0,0,,,
2023-05-24,,0,0,0,0,,,
2023-05-25,,0,0,0,0,,,
2023-05-26,,0,0,0,0,,,
2023-05-27,0.0638628988177515,1,0,1,0,0.3435815894238961,0.3766997195314616,0.2797186906061445
2023-05-28,,0,0,0,0,,,
2023-05-29,,0,0,0,0,,,
2023-05-30,0.2610121816038512,1,1,0,0,0.4647947277945394,0.3314227378234649,0.2037825461906882
2023-05-31,,0,0,0,0,,,
2023-06-01,,0,0,0,0,,,
2023-06-02,,0,0,0,0,,,
2023-06-03,,0,0,0,0,,,
2023-06-04,,0,0,0,0,,,
2023-06-05,0.0620360054142241,1,0,1,0,0.2465488602673368,0.568938280322722,0.1845128548531127
2023-06-06,,0,0,0,0,,,
2023-06-07,,0,0,0,0,,,
2023-06-08,,0,0,0,0,,,
2023-06-09,0.2666046265978366,2,1,1,0,0.3675697716884315,0.5314650869928301,0.10096514509059484
2023-06-10,,0,0,0,0,,,
2023-06-11,,0,0,0,0,,,
2023-06-12,,0,0,0,0,,,
2023-06-13,,0,0,0,0,,,
2023-06-14,,0,0,0,0,,,
2023-06-15,,0,0,0,0,,,
2023-06-16,-0.1232856052617231,1,0,1,0,0.1395459833244482,0.5976224364712834,0.2628315885861714
2023-06-17,,0,0,0,0,,,
2023-06-18,,0,0,0,0,,,
2023-06-19,,0,0,0,0,,,
2023-06-20,-0.3173532543936745,2,0,1,1,0.2138131791958585,0.2550203942460939,0.531166433589533
2023-06-21,-0.0470925156426217,1,0,1,0,0.2813950250191347,0.3901174146948116,0.3284875406617565
2023-06-22,0.0099977701902389,1,0,1,0,0.0757953828821579,0.8584070106347402,0.065797612691919
2023-06-23,,0,0,0,0,,,
2023-06-24,0.0890963794663548,1,0,1,0,0.1704659642030795,0.7481644650300344,0.0813695847367246
2023-06-25,,0,0,0,0,,,
2023-06-26,-0.17432886171578002,4,0,4,0,0.04339862255040887,0.7388739047402686,0.21772748426618896
2023-06-27,,0,0,0,0,,,
2023-06-28,,0,0,0,0,,,
2023-06-29,,0,0,0,0,,,
2023-06-30,0.112241862147736,1,0,1,0,0.3483021845264981,0.4156375033780932,0.236060322378762
2023-07-01,,0,0,0,0,,,
2023-07-02,,0,0,0,0,,,
2023-07-03,,0,0,0,0,,,
2023-07-04,0.1431198721441129,1,0,1,0,0.2083361210715439,0.7264476215673817,0.0652162489274309
2023-07-05,-0.0772732487336422,2,0,2,0,0.21737706005418045,0.4879726230477293,0.2946503087878227
2023-07-06,,0,0,0,0,,,
2023-07-07,-0.1324935892803801,3,0,3,0,0.05121346501012639,0.7650794529252583,0.18370705429050652
2023-07-08,,0,0,0,0,,,
2023-07-09,,0,0,0,0,,,
2023-07-10,,0,0,0,0,,,
2023-07-11,,0,0,0,0,,,
2023-07-12,-0.2290129951705845,1,0,0,1,0.2216087693620162,0.3277694654728596,0.4506217645326008
2023-07-13,,0,0,0,0,,,
2023-07-14,-0.0625002164083222,1,0,0,1,0.3440701915184035,0.2493594041715065,0.4065704079267258
2023-07-15,-0.0260168847162276,1,0,1,0,0.0861389548517763,0.801705239340663,0.112155839568004
2023-07-16,-0.0710544135155422,1,0,1,0,0.1377261318266391,0.6534933101918016,0.2087805453421814
2023-07-17,-0.260754128471397,1,0,0,1,0.1926157024631999,0.3540144672769369,0.4533698309345969
2023-07-18,,0,0,0,0,,,
2023-07-19,,0,0,0,0,,,
2023-07-20,,0,0,0,0,,,
2023-07-21,0.3406053677744542,1,0,1,0,0.3618865380529314,0.6168323002445201,0.0212811702784771
2023-07-22,,0,0,0,0,,,
2023-07-23,,0,0,0,0,,,
2023-07-24,,0,0,0,0,,,
2023-07-25,,0,0,0,0,,,
2023-07-26,,0,0,0,0,,,
2023-07-27,,0,0,0,0,,,
2023-07-28,-0.09309552962063912,3,0,0,3,0.2964522014791146,0.3140000700024474,0.3895477310997537
2023-07-29,-0.0437603215686976,1,0,1,0,0.1804737167529247,0.5952922478318214,0.2242340383216224
2023-07-30,,0,0,0,0,,,
2023-07-31,,0,0,0,0,,,
2023-08-01,0.2367315962910652,1,0,1,0,0.2701934240758419,0.6963447537273169,0.0334618277847766
2023-08-02,,0,0,0,0,,,
2023-08-03,-0.2474000724879178,1,0,1,0,0.1141439274969426,0.5243120791221206,0.3615439999848604
2023-08-04,,0,0,0,0,,,
2023-08-05,,0,0,0,0,,,
2023-08-06,,0,0,0,0,,,
2023-08-07,,0,0,0,0,,,
2023-08-08,,0,0,0,0,,,
2023-08-09,-0.2152301209668318,2,0,2,0,0.0755136295532186,0.6337426202371716,0.29074375052005047
2023-08-10,0.0018947390781249,1,1,0,0,0.4005738771229516,0.2007469961245078,0.3986791380448267
2023-08-11,0.1363286864361726,2,0,2,0,0.22299156081862745,0.6903455518186092,0.08666287438245485
2023-08-12,,0,0,0,0,,,
2023-08-13,,0,0,0,0,,,
2023-08-14,0.2047246384123961,2,0,2,0,0.2839785350176195,0.6367675556490819,0.07925389660522335
2023-08-15,,0,0,0,0,,,
2023-08-16,-0.03209882974624633,3,0,3,0,0.22774009918794036,0.5124209643445081,0.2598389289341867
2023-08-17,-0.3099776373377867,1,0,0,1,0.2022635053311075,0.2854953360344682,0.5122411426688943
2023-08-18,,0,0,0,0,,,
2023-08-19,,0,0,0,0,,,
2023-08-20,-0.1887021688744425,1,0,1,0,0.0569773280165261,0.6973431929945946,0.2456794968909687
2023-08-21,,0,0,0,0,,,
2023-08-22,,0,0,0,0,,,
2023-08-23,,0,0,0,0,,,
2023-08-24,0.0482773279978169,1,0,1,0,0.1328278372271193,0.7826216402981017,0.0845505092293024
2023-08-25,-0.1870503999778757,1,0,1,0,0.0861797693145016,0.6405900463299907,0.2732301692923773
2023-08-26,,0,0,0,0,,,
2023-08-27,0.4777652211487293,1,1,0,0,0.5020210757851601,0.4737230852246284,0.0242558546364307
2023-08-28,-0.0168210170813836,1,0,1,0,0.1255229115486145,0.7321331636048853,0.1423439286299981
2023-08-29,-0.2473272336288713,1,0,0,1,0.2372420549669026,0.2781886604133543,0.484569288595774
2023-08-30,-0.1555875936367859,2,0,2,0,0.04894947878395515,0.7465134485728211,0.20453707242074104
2023-08-31,,0,0,0,0,,,
2023-09-01,,0,0,0,0,,,
2023-09-02,0.0667273174816121,1,0,1,0,0.1649660862361391,0.7367951547106107,0.0982387687545269
2023-09-03,0.1780764318204351,1,0,1,0,0.2126736953588468,0.7527290295277324,0.0345972635384116
2023-09-04,,0,0,0,0,,,
2023-09-05,,0,0,0,0,,,
2023-09-06,0.1660856882420679,1,0,1,0,0.1981554379065831,0.7697748343149821,0.0320697496645152
2023-09-07,,0,0,0,0,,,
2023-09-08,-0.7698657233268023,1,0,0,1,0.0298731606453657,0.1703880280256271,0.799738883972168
2023-09-09,,0,0,0,0,,,
2023-09-10,,0,0,0,0,,,
2023-09-11,,0,0,0,0,,,
2023-09-12,0.1086121164705781,1,0,1,0,0.2134388735783951,0.6817343806227049,0.104826757107817
2023-09-13,,0,0,0,0,,,
2023-09-14,,0,0,0,0,,,
2023-09-15,,0,0,0,0,,,
2023-09-16,,0,0,0,0,,,
2023-09-17,-0.3056006290018558,1,0,1,0,0.0548174280673265,0.5847645051777363,0.3604180570691824
2023-09-18,,0,0,0,0,,,
2023-09-19,-0.1645086444914341,1,0,1,0,0.0592436059378087,0.7170041352510452,0.2237522504292428
2023-09-20,,0,0,0,0,,,
2023-09-21,,0,0,0,0,,,
2023-09-22,,0,0,0,0,,,
2023-09-23,,0,0,0,0,,,
2023-09-24,-0.12933500589181973,2,0,1,1,0.20023974360277255,0.470185519506534,0.3295747494945923
2023-09-25,,0,0,0,0,,,
2023-09-26,-0.065241806829969,1,0,1,0,0.0628607866043845,0.8090365926424662,0.1281025934343536
2023-09-27,,0,0,0,0,,,
2023-09-28,,0,0,0,0,,,
2023-09-29,,0,0,0,0,,,
2023-09-30,,0,0,0,0,,,
2023-10-01,,0,0,0,0,,,
2023-10-02,,0,0,0,0,,,
2023-10-03,,0,0,0,0,,,
2023-10-04,,0,0,0,0,,,
2023-10-05,0.1489973021408831,1,0,1,0,0.3134616711636034,0.5220739607187644,0.1644643690227203
2023-10-06,,0,0,0,0,,,
2023-10-07,-0.0639841681854291,1,0,1,0,0.0812278193506327,0.7735601988705721,0.1452119875360619
2023-10-08,-0.1862765112891793,1,0,1,0,0.045139635913074,0.7234441936016083,0.2314161472022533
2023-10-09,0.05796744791839855,2,0,2,0,0.26598618120739326,0.5259950799769477,0.2080187332889947
2023-10-10,0.1163206468336284,1,0,1,0,0.1426414549350738,0.8310377299785614,0.0263208081014454
2023-10-11,,0,0,0,0,,,
2023-10-12,,0,0,0,0,,,
2023-10-13,-0.1424832383281595,2,0,1,1,0.1985779590439051,0.4603608307827796,0.34106119737206464
2023-10-14,,0,0,0,0,,,
2023-10-15,,0,0,0,0,,,
2023-10-16,,0,0,0,0,,,
2023-10-17,-0.0355782012920826,1,0,1,0,0.0401630345731973,0.8840957060456276,0.07574123586528
2023-10-18,,0,0,0,0,,,
2023-10-19,-0.4011939340271055,1,0,0,1,0.1172990165650844,0.3642080295830965,0.51849295059219
2023-10-20,,0,0,0,0,,,
2023-10-21,,0,0,0,0,,,
2023-10-22,0.0902425169860497,2,0,1,1,0.3396483263644624,0.41094586103164155,0.24940580937841275
2023-10-23,-0.0324201607145369,1,0,1,0,0.0767520673107355,0.8140757009387016,0.1091722280252724
2023-10-24,,0,0,0,0,,,
2023-10-25,,0,0,0,0,,,
2023-10-26,,0,0,0,0,,,
2023-10-27,-0.2426666770285616,1,0,1,0,0.1143745648829887,0.5285841835041841,0.3570412419115503
2023-10-28,,0,0,0,0,,,
2023-10-29,0.18515251490854376,2,0,2,0,0.3501603236975337,0.4848318834910574,0.16500780878898996
2023-10-30,,0,0,0,0,,,
2023-10-31,,0,0,0,0,,,
2023-11-01,,0,0,0,0,,,
2023-11-02,,0,0,0,0,,,
2023-11-03,,0,0,0,0,,,
2023-11-04,,0,0,0,0,,,
2023-11-05,,0,0,0,0,,,
2023-11-06,,0,0,0,0,,,
2023-11-07,,0,0,0,0,,,
2023-11-08,,0,0,0,0,,,
2023-11-09,,0,0,0,0,,,
2023-11-10,-0.0837925286032259,2,0,2,0,0.0425774669274687,0.8310524970293045,0.1263699955306947
2023-11-11,0.0330773213257392,1,0,1,0,0.1179936193816718,0.7970900961330959,0.0849162980559326
2023-11-12,,0,0,0,0,,,
2023-11-13,,0,0,0,0,,,
2023-11-14,,0,0,0,0,,,
2023-11-15,,0,0,0,0,,,
2023-11-16,,0,0,0,0,,,
2023-11-17,,0,0,0,0,,,
2023-11-18,,0,0,0,0,,,
2023-11-19,,0,0,0,0,,,
2023-11-20,,0,0,0,0,,,
2023-11-21,,0,0,0,0,,,
2023-11-22,,0,0,0,0,,,
2023-11-23,,0,0,0,0,,,
2023-11-24,,0,0,0,0,,,
2023-11-25,,0,0,0,0,,,
2023-11-26,,0,0,0,0,,,
2023-11-27,,0,0,0,0,,,
2023-11-28,,0,0,0,0,,,
2023-11-29,0.2051608715182504,1,0,1,0,0.3625979206214348,0.4799650287828766,0.1574370491031844
2023-11-30,,0,0,0,0,,,
2023-12-01,,0,0,0,0,,,
2023-12-02,-0.3315662530561288,1,0,1,0,0.0674820157388846,0.5334697465101877,0.3990482687950134
2023-12-03,-0.3069328176194524,1,0,0,1,0.1924113421106433,0.3082445047082419,0.4993441597300958
2023-12-04,0.007504615467041745,2,1,1,0,0.29015302477637306,0.4271985672530718,0.28264840930933127
2023-12-05,,0,0,0,0,,,
2023-12-06,,0,0,0,0,,,
2023-12-07,,0,0,0,0,,,
2023-12-08,,0,0,0,0,,,
2023-12-09,,0,0,0,0,,,
2023-12-10,,0,0,0,0,,,
2023-12-11,,0,0,0,0,,,
2023-12-12,,0,0,0,0,,,
2023-12-13,,0,0,0,0,,,
2023-12-14,-0.2285176933122177,1,0,0,1,0.2821228040071825,0.2072366982077559,0.5106404973194003
2023-12-15,-0.1636869851499796,1,0,1,0,0.029955138452351,0.7764027118682861,0.1936421236023306
2023-12-16,,0,0,0,0,,,
2023-12-17,0.0035785702792437,1,0,1,0,0.1087853910499497,0.7860077792092374,0.105206820770706
2023-12-18,-0.07710180029995684,3,0,0,3,0.3197674645301576,0.28336326761909203,0.3968692648301144
2023-12-19,0.0615115707643844,1,0,1,0,0.1881276458855076,0.6852562789773119,0.1266160751211232
2023-12-20,,0,0,0,0,,,
2023-12-21,,0,0,0,0,,,
2023-12-22,,0,0,0,0,,,
2023-12-23,0.0300380232511088,1,0,1,0,0.2726808480219915,0.4846763298846781,0.2426428247708827
2023-12-24,,0,0,0,0,,,
2023-12-25,-0.08366576385451474,2,0,2,0,0.13000300147105004,0.6563282276503741,0.21366876532556486
2023-12-26,0.020406395085867696,3,0,1,2,0.3196651632457867,0.38107606261186583,0.29925876815991903
2023-12-27,,0,0,0,0,,,
2023-12-28,,0,0,0,0,,,
2023-12-29,0.039208454867115335,3,2,1,0,0.3451772347425244,0.34885399255546784,0.305968779875409
2023-12-30,,0,0,0,0,,,
2023-12-31,,0,0,0,0,,,
