selection_category,selection_rule,reddit_id,original_post_date,index_name,mapping_status,mapping_reason,days_forward,sentiment_score,mapped_trading_date,aligned_sentiment,aligned_attention,next_trading_date,next_row_sentiment_lag1,next_row_attention_lag1,next_row_receives_aligned_sentiment,next_row_receives_aligned_attention
February_March_2022,Earliest post-ID row in February or March 2022.,si8dxu,2022-02-01,CAC_40,same_day,trading_day,0,-0.9403544971719384,2022-02-01,-0.47516282135620713,2,2022-02-02,-0.47516282135620713,2.0,True,True
Saturday,Earliest post-ID row forwarded from Saturday.,mnurtq,2021-04-10,CAC_40,forward_nontrading,Saturday,2,-0.0680343858336775,2021-04-12,-0.24141496828286269,4,2021-04-13,-0.24141496828286269,4.0,True,True
Sunday,Earliest post-ID row forwarded from Sunday.,kpjvhs,2021-01-03,CAC_40,forward_nontrading,Sunday,1,0.0267215295613784,2021-01-04,0.0267215295613784,1,2021-01-05,0.0267215295613784,1.0,True,True
different_market_mapping,All market rows for the earliest Reddit ID mapping to multiple dates.,nizpwz,2021-05-23,CAC_40,forward_nontrading,Sunday,1,-0.0405759594092766,2021-05-24,-0.0405759594092766,1,2021-05-25,-0.0405759594092766,1.0,True,True
different_market_mapping,All market rows for the earliest Reddit ID mapping to multiple dates.,nizpwz,2021-05-23,DAX,forward_nontrading,Sunday,2,-0.0405759594092766,2021-05-25,-0.0405759594092766,1,2021-05-26,-0.0405759594092766,1.0,True,True
different_market_mapping,All market rows for the earliest Reddit ID mapping to multiple dates.,nizpwz,2021-05-23,EURO_STOXX_50,forward_nontrading,Sunday,2,-0.0405759594092766,2021-05-25,-0.0405759594092766,1,2021-05-26,-0.0405759594092766,1.0,True,True
different_market_mapping,All market rows for the earliest Reddit ID mapping to multiple dates.,nizpwz,2021-05-23,FTSE_100,forward_nontrading,Sunday,1,-0.0405759594092766,2021-05-24,-0.0405759594092766,1,2021-05-25,-0.0405759594092766,1.0,True,True
different_market_mapping,All market rows for the earliest Reddit ID mapping to multiple dates.,nizpwz,2021-05-23,WIG20,forward_nontrading,Sunday,1,-0.0405759594092766,2021-05-24,-0.0405759594092766,1,2021-05-25,-0.0405759594092766,1.0,True,True
same_day,Earliest post-ID row with a same-day mapping.,kspxe3,2021-01-07,CAC_40,same_day,trading_day,0,0.336831514001824,2021-01-07,0.336831514001824,1,2021-01-08,0.336831514001824,1.0,True,True
weekday_nontrading,Earliest post-ID row forwarded from a weekday absent from the market calendar.,rstzza,2021-12-31,DAX,forward_nontrading,weekday_nontrading,3,-0.1856924097886995,2022-01-03,-0.10978467386487739,2,2022-01-04,-0.10978467386487739,2.0,True,True
