section,period,metric,value
input_validation,all,input_path,data/processed/reddit_posts_finbert.csv
input_validation,all,sha256,2E4A693558197B8007F81C5D348362140524E3C31A8D31293F86D691DDB9C7FF
input_validation,all,sha256_matches_frozen_phase_4a,True
input_validation,all,required_fields_present,True
input_validation,all,rows,1503
input_validation,all,unique_ids,1503
input_validation,all,duplicate_ids,0
input_validation,all,probability_tolerance,1e-06
input_validation,all,score_identity_tolerance,1e-12
input_validation,all,maximum_probability_sum_error,1.341104508556512e-07
input_validation,all,maximum_score_identity_error,3.3306690738754696e-16
input_validation,all,positive_label_count,106
input_validation,all,neutral_label_count,953
input_validation,all,negative_label_count,444
calendar_reconciliation,all,calendar_days,1095
calendar_reconciliation,all,start_date,2021-01-01
calendar_reconciliation,all,end_date,2023-12-31
calendar_reconciliation,all,duplicate_dates,0
calendar_reconciliation,all,dates_monotonic_increasing,True
calendar_reconciliation,all,days_with_sentiment,504
calendar_reconciliation,all,zero_post_days,591
post_reconciliation,all,sum_post_count,1503
class_count_reconciliation,all,sum_positive_post_count,106
class_count_reconciliation,all,sum_neutral_post_count,953
class_count_reconciliation,all,sum_negative_post_count,444
probability_identities,all,maximum_mean_probability_sum_error,8.940696716308594e-08
probability_identities,all,maximum_sentiment_identity_error,3.3306690738754696e-16
probability_identities,all,invalid_daily_sentiment_observations,0
sentiment_descriptives,all,n,504
sentiment_descriptives,all,mean,-0.10782156903129006
sentiment_descriptives,all,standard_deviation,0.20360948044694993
sentiment_descriptives,all,minimum,-0.8755818214267492
sentiment_descriptives,all,percentile_25,-0.2198203361630202
sentiment_descriptives,all,median,-0.10245315403040803
sentiment_descriptives,all,percentile_75,0.008436678130076113
sentiment_descriptives,all,maximum,0.9095829371362923
post_count_descriptives,all,n,1095
post_count_descriptives,all,mean,1.3726027397260274
post_count_descriptives,all,standard_deviation,3.082352030872339
post_count_descriptives,all,minimum,0.0
post_count_descriptives,all,percentile_25,0.0
post_count_descriptives,all,median,0.0
post_count_descriptives,all,percentile_75,2.0
post_count_descriptives,all,maximum,46.0
annual_summary,2021,sentiment_observation_days,67
annual_summary,2021,post_count,83
annual_summary,2021,mean_sentiment,-0.03415165167355677
annual_summary,2022,sentiment_observation_days,290
annual_summary,2022,post_count,1197
annual_summary,2022,mean_sentiment,-0.15743876699434317
annual_summary,2023,sentiment_observation_days,147
annual_summary,2023,post_count,223
annual_summary,2023,mean_sentiment,-0.04351474626722702
extremes,all,maximum_daily_post_count,46
extremes,all,maximum_daily_post_count_dates,2022-02-24
extremes,all,minimum_observed_daily_sentiment,-0.8755818214267492
extremes,all,minimum_observed_daily_sentiment_dates,2021-04-01
extremes,all,maximum_observed_daily_sentiment,0.9095829371362923
extremes,all,maximum_observed_daily_sentiment_dates,2021-10-03
