extreme_type,rank,date,sentiment,post_count,positive_post_count,neutral_post_count,negative_post_count
highest_activity,1,2022-02-24,-0.2155078615153476,46,2,31,13
highest_activity,2,2022-02-28,-0.2077181924114927,29,1,16,12
highest_activity,3,2022-03-08,-0.275506330580189,24,2,13,9
highest_activity,4,2022-03-01,-0.1402880763737791,22,2,12,8
highest_activity,5,2022-03-07,-0.0598175311117047,22,2,16,4
highest_activity,6,2022-02-25,-0.219896687318544,21,0,15,6
highest_activity,7,2022-03-04,-0.1878874296955467,18,1,11,6
highest_activity,8,2022-02-22,-0.1834225225240441,18,0,11,7
highest_activity,9,2022-03-09,-0.1795403019397061,17,2,9,6
highest_activity,10,2022-02-26,-0.2890225180437097,16,0,11,5
lowest_observed_sentiment,1,2021-04-01,-0.8755818214267492,1,0,0,1
lowest_observed_sentiment,2,2022-11-23,-0.8240314722061157,1,0,0,1
lowest_observed_sentiment,3,2023-09-08,-0.7698657233268023,1,0,0,1
lowest_observed_sentiment,4,2022-09-04,-0.6704307207837701,2,0,0,2
lowest_observed_sentiment,5,2022-12-19,-0.6541438986314461,2,0,0,2
lowest_observed_sentiment,6,2022-08-03,-0.639543115956864,2,0,0,2
lowest_observed_sentiment,7,2022-06-01,-0.6382987190969288,4,0,1,3
lowest_observed_sentiment,8,2022-02-09,-0.6325806118547916,2,0,1,1
lowest_observed_sentiment,9,2022-09-08,-0.6249889369122684,1,0,0,1
lowest_observed_sentiment,10,2021-06-08,-0.6186492309960372,1,0,0,1
highest_observed_sentiment,1,2021-10-03,0.9095829371362923,1,1,0,0
highest_observed_sentiment,2,2022-09-10,0.4961784780025482,1,1,0,0
highest_observed_sentiment,3,2023-04-18,0.493183320787336,1,1,0,0
highest_observed_sentiment,4,2023-08-27,0.4777652211487293,1,1,0,0
highest_observed_sentiment,5,2021-04-30,0.4511383918627184,1,1,0,0
highest_observed_sentiment,6,2021-02-18,0.3765704035633117,1,0,1,0
highest_observed_sentiment,7,2023-01-19,0.3440751214669544,1,0,1,0
highest_observed_sentiment,8,2023-07-21,0.3406053677744542,1,0,1,0
highest_observed_sentiment,9,2021-01-21,0.3381085558561608,1,0,1,0
highest_observed_sentiment,10,2021-01-07,0.336831514001824,1,0,1,0
