grouping,group,sentiment_label,count,percentage
overall,all,positive,106,7.052561543579508
overall,all,neutral,953,63.406520292747835
overall,all,negative,444,29.540918163672654
year,2021,positive,6,7.228915662650602
year,2021,neutral,64,77.10843373493977
year,2021,negative,13,15.66265060240964
year,2022,positive,79,6.599832915622389
year,2022,neutral,737,61.57059314954052
year,2022,negative,381,31.82957393483709
year,2023,positive,21,9.417040358744394
year,2023,neutral,152,68.16143497757847
year,2023,negative,50,22.421524663677133
subreddit,StockMarket,positive,44,10.161662817551962
subreddit,StockMarket,neutral,233,53.81062355658198
subreddit,StockMarket,negative,156,36.027713625866056
subreddit,investing,positive,11,3.691275167785235
subreddit,investing,neutral,222,74.49664429530202
subreddit,investing,negative,65,21.812080536912752
subreddit,stocks,positive,51,6.60621761658031
subreddit,stocks,neutral,498,64.50777202072538
subreddit,stocks,negative,223,28.886010362694304
text_type,title_only,positive,16,6.324110671936759
text_type,title_only,neutral,146,57.70750988142292
text_type,title_only,negative,91,35.96837944664031
text_type,title_plus_body,positive,90,7.199999999999999
text_type,title_plus_body,neutral,807,64.56
text_type,title_plus_body,negative,353,28.24
