section,grouping,group,metric,value,count,percentage,reddit_id,conceptual_chunk_number,whitespace_word_number,original_word_character_length,original_token_piece_count
overall,overall,all,total_posts,1503,,,,,,,
overall,overall,all,successful_inference,1503,,,,,,,
overall,overall,all,failed_inference,0,,,,,,,
overall,overall,all,mean_sentiment_score,-0.13258174668151895,,,,,,,
overall,overall,all,std_sentiment_score,0.28323853805221255,,,,,,,
overall,overall,all,min_sentiment_score,-0.9590749442577362,,,,,,,
overall,overall,all,median_sentiment_score,-0.09591225907206535,,,,,,,
overall,overall,all,max_sentiment_score,0.9095829371362925,,,,,,,
overall,overall,all,mean_positive_probability,0.1899192299676049,,,,,,,
overall,overall,all,mean_neutral_probability,0.48757979312238114,,,,,,,
overall,overall,all,mean_negative_probability,0.3225009766491238,,,,,,,
overall,overall,all,total_uncapped_chunks,40780,,,,,,,
overall,overall,all,total_scored_chunks,34879,,,,,,,
overall,overall,all,maximum_uncapped_chunks_per_post,281,,,,,,,
overall,overall,all,posts_hitting_120_chunk_cap,69,,,,,,,
overall,overall,all,retained_conceptual_chunks_checked,34879,,,,,,,
overall,overall,all,maximum_retained_token_length_before_safeguard,1757,,,,,,,
overall,overall,all,oversized_retained_conceptual_chunks_before_safeguard,3,,,,,,,
overall,overall,all,conceptual_chunks_requiring_unk,0,,,,,,,
overall,overall,all,impossible_whitespace_tokens_replaced_with_unk,0,,,,,,,
overall,overall,all,conceptual_chunks_requiring_internal_fragmentation,3,,,,,,,
overall,overall,all,total_internal_model_fragments,8,,,,,,,
overall,overall,all,total_final_model_inputs,34884,,,,,,,
overall,overall,all,additional_model_inputs_from_internal_fragmentation,5,,,,,,,
overall,overall,all,model_input_special_tokens,2,,,,,,,
overall,overall,all,model_usable_payload_tokens,510,,,,,,,
overall,overall,all,maximum_final_model_input_token_length,492,,,,,,,
overall,overall,all,final_model_inputs_exceeding_limit,0,,,,,,,
overall,overall,all,model_token_limit,512,,,,,,,
runtime,overall,all,model_identifier,ProsusAI/finbert,,,,,,,
runtime,overall,all,model_reported_identifier,ProsusAI/finbert,,,,,,,
runtime,overall,all,model_revision,4556d13015211d73dccd3fdd39d39232506f3e43,,,,,,,
runtime,overall,all,transformers_version,5.15.0,,,,,,,
runtime,overall,all,torch_version,2.13.0+cpu,,,,,,,
runtime,overall,all,inference_device,cpu,,,,,,,
runtime,overall,all,input_sha256,9FA593C18509280231547E928F88003C5918BDEDD264DFAC3E0F8D0BDA46AC8D,,,,,,,
runtime,overall,all,output_sha256,2E4A693558197B8007F81C5D348362140524E3C31A8D31293F86D691DDB9C7FF,,,,,,,
n_chunks_distribution,n_chunks,1,posts,241,241,16.03459747172322,,,,,
n_chunks_distribution,n_chunks,2,posts,31,31,2.062541583499667,,,,,
n_chunks_distribution,n_chunks,3,posts,64,64,4.258150365934797,,,,,
n_chunks_distribution,n_chunks,4,posts,67,67,4.45775116433799,,,,,
n_chunks_distribution,n_chunks,5,posts,59,59,3.9254823685961413,,,,,
n_chunks_distribution,n_chunks,6,posts,77,77,5.123087159015303,,,,,
n_chunks_distribution,n_chunks,7,posts,56,56,3.7258815701929473,,,,,
n_chunks_distribution,n_chunks,8,posts,51,51,3.3932135728542914,,,,,
n_chunks_distribution,n_chunks,9,posts,31,31,2.062541583499667,,,,,
n_chunks_distribution,n_chunks,10,posts,36,36,2.3952095808383236,,,,,
n_chunks_distribution,n_chunks,11,posts,42,42,2.7944111776447107,,,,,
n_chunks_distribution,n_chunks,12,posts,44,44,2.927478376580173,,,,,
n_chunks_distribution,n_chunks,13,posts,27,27,1.7964071856287425,,,,,
n_chunks_distribution,n_chunks,14,posts,27,27,1.7964071856287425,,,,,
n_chunks_distribution,n_chunks,15,posts,22,22,1.4637391882900865,,,,,
n_chunks_distribution,n_chunks,16,posts,22,22,1.4637391882900865,,,,,
n_chunks_distribution,n_chunks,17,posts,29,29,1.9294743845642048,,,,,
n_chunks_distribution,n_chunks,18,posts,31,31,2.062541583499667,,,,,
n_chunks_distribution,n_chunks,19,posts,26,26,1.7298735861610113,,,,,
n_chunks_distribution,n_chunks,20,posts,28,28,1.8629407850964737,,,,,
n_chunks_distribution,n_chunks,21,posts,28,28,1.8629407850964737,,,,,
n_chunks_distribution,n_chunks,22,posts,25,25,1.66333998669328,,,,,
n_chunks_distribution,n_chunks,23,posts,19,19,1.2641383898868928,,,,,
n_chunks_distribution,n_chunks,24,posts,16,16,1.0645375914836992,,,,,
n_chunks_distribution,n_chunks,25,posts,13,13,0.8649367930805056,,,,,
n_chunks_distribution,n_chunks,26,posts,11,11,0.7318695941450433,,,,,
n_chunks_distribution,n_chunks,27,posts,12,12,0.7984031936127743,,,,,
n_chunks_distribution,n_chunks,28,posts,8,8,0.5322687957418496,,,,,
n_chunks_distribution,n_chunks,29,posts,7,7,0.4657351962741184,,,,,
n_chunks_distribution,n_chunks,30,posts,9,9,0.5988023952095809,,,,,
n_chunks_distribution,n_chunks,31,posts,7,7,0.4657351962741184,,,,,
n_chunks_distribution,n_chunks,32,posts,5,5,0.332667997338656,,,,,
n_chunks_distribution,n_chunks,33,posts,6,6,0.39920159680638717,,,,,
n_chunks_distribution,n_chunks,34,posts,7,7,0.4657351962741184,,,,,
n_chunks_distribution,n_chunks,35,posts,5,5,0.332667997338656,,,,,
n_chunks_distribution,n_chunks,36,posts,3,3,0.19960079840319359,,,,,
n_chunks_distribution,n_chunks,37,posts,6,6,0.39920159680638717,,,,,
n_chunks_distribution,n_chunks,38,posts,6,6,0.39920159680638717,,,,,
n_chunks_distribution,n_chunks,39,posts,8,8,0.5322687957418496,,,,,
n_chunks_distribution,n_chunks,40,posts,5,5,0.332667997338656,,,,,
n_chunks_distribution,n_chunks,41,posts,4,4,0.2661343978709248,,,,,
n_chunks_distribution,n_chunks,42,posts,3,3,0.19960079840319359,,,,,
n_chunks_distribution,n_chunks,43,posts,12,12,0.7984031936127743,,,,,
n_chunks_distribution,n_chunks,44,posts,5,5,0.332667997338656,,,,,
n_chunks_distribution,n_chunks,45,posts,5,5,0.332667997338656,,,,,
n_chunks_distribution,n_chunks,46,posts,8,8,0.5322687957418496,,,,,
n_chunks_distribution,n_chunks,47,posts,7,7,0.4657351962741184,,,,,
n_chunks_distribution,n_chunks,48,posts,4,4,0.2661343978709248,,,,,
n_chunks_distribution,n_chunks,49,posts,5,5,0.332667997338656,,,,,
n_chunks_distribution,n_chunks,50,posts,4,4,0.2661343978709248,,,,,
n_chunks_distribution,n_chunks,51,posts,4,4,0.2661343978709248,,,,,
n_chunks_distribution,n_chunks,52,posts,6,6,0.39920159680638717,,,,,
n_chunks_distribution,n_chunks,53,posts,9,9,0.5988023952095809,,,,,
n_chunks_distribution,n_chunks,54,posts,3,3,0.19960079840319359,,,,,
n_chunks_distribution,n_chunks,55,posts,8,8,0.5322687957418496,,,,,
n_chunks_distribution,n_chunks,56,posts,7,7,0.4657351962741184,,,,,
n_chunks_distribution,n_chunks,57,posts,7,7,0.4657351962741184,,,,,
n_chunks_distribution,n_chunks,58,posts,6,6,0.39920159680638717,,,,,
n_chunks_distribution,n_chunks,59,posts,6,6,0.39920159680638717,,,,,
n_chunks_distribution,n_chunks,60,posts,4,4,0.2661343978709248,,,,,
n_chunks_distribution,n_chunks,61,posts,8,8,0.5322687957418496,,,,,
n_chunks_distribution,n_chunks,62,posts,9,9,0.5988023952095809,,,,,
n_chunks_distribution,n_chunks,63,posts,2,2,0.1330671989354624,,,,,
n_chunks_distribution,n_chunks,64,posts,1,1,0.0665335994677312,,,,,
n_chunks_distribution,n_chunks,65,posts,4,4,0.2661343978709248,,,,,
n_chunks_distribution,n_chunks,66,posts,7,7,0.4657351962741184,,,,,
n_chunks_distribution,n_chunks,67,posts,4,4,0.2661343978709248,,,,,
n_chunks_distribution,n_chunks,68,posts,4,4,0.2661343978709248,,,,,
n_chunks_distribution,n_chunks,69,posts,7,7,0.4657351962741184,,,,,
n_chunks_distribution,n_chunks,70,posts,3,3,0.19960079840319359,,,,,
n_chunks_distribution,n_chunks,71,posts,4,4,0.2661343978709248,,,,,
n_chunks_distribution,n_chunks,72,posts,2,2,0.1330671989354624,,,,,
n_chunks_distribution,n_chunks,73,posts,2,2,0.1330671989354624,,,,,
n_chunks_distribution,n_chunks,74,posts,2,2,0.1330671989354624,,,,,
n_chunks_distribution,n_chunks,75,posts,3,3,0.19960079840319359,,,,,
n_chunks_distribution,n_chunks,76,posts,1,1,0.0665335994677312,,,,,
n_chunks_distribution,n_chunks,77,posts,1,1,0.0665335994677312,,,,,
n_chunks_distribution,n_chunks,78,posts,4,4,0.2661343978709248,,,,,
n_chunks_distribution,n_chunks,79,posts,5,5,0.332667997338656,,,,,
n_chunks_distribution,n_chunks,80,posts,2,2,0.1330671989354624,,,,,
n_chunks_distribution,n_chunks,81,posts,1,1,0.0665335994677312,,,,,
n_chunks_distribution,n_chunks,82,posts,1,1,0.0665335994677312,,,,,
n_chunks_distribution,n_chunks,83,posts,2,2,0.1330671989354624,,,,,
n_chunks_distribution,n_chunks,84,posts,1,1,0.0665335994677312,,,,,
n_chunks_distribution,n_chunks,85,posts,2,2,0.1330671989354624,,,,,
n_chunks_distribution,n_chunks,86,posts,1,1,0.0665335994677312,,,,,
n_chunks_distribution,n_chunks,87,posts,1,1,0.0665335994677312,,,,,
n_chunks_distribution,n_chunks,88,posts,1,1,0.0665335994677312,,,,,
n_chunks_distribution,n_chunks,90,posts,1,1,0.0665335994677312,,,,,
n_chunks_distribution,n_chunks,91,posts,1,1,0.0665335994677312,,,,,
n_chunks_distribution,n_chunks,97,posts,1,1,0.0665335994677312,,,,,
n_chunks_distribution,n_chunks,98,posts,1,1,0.0665335994677312,,,,,
n_chunks_distribution,n_chunks,99,posts,1,1,0.0665335994677312,,,,,
n_chunks_distribution,n_chunks,101,posts,2,2,0.1330671989354624,,,,,
n_chunks_distribution,n_chunks,106,posts,1,1,0.0665335994677312,,,,,
n_chunks_distribution,n_chunks,108,posts,1,1,0.0665335994677312,,,,,
n_chunks_distribution,n_chunks,109,posts,1,1,0.0665335994677312,,,,,
n_chunks_distribution,n_chunks,110,posts,1,1,0.0665335994677312,,,,,
n_chunks_distribution,n_chunks,111,posts,2,2,0.1330671989354624,,,,,
n_chunks_distribution,n_chunks,118,posts,1,1,0.0665335994677312,,,,,
n_chunks_distribution,n_chunks,120,posts,70,70,4.657351962741185,,,,,
descriptive_statistics,year,2021,posts,83,,,,,,,
descriptive_statistics,year,2021,mean_sentiment_score,-0.029000906419766558,,,,,,,
descriptive_statistics,year,2021,std_sentiment_score,0.23722068026034426,,,,,,,
descriptive_statistics,year,2021,min_sentiment_score,-0.8755818214267492,,,,,,,
descriptive_statistics,year,2021,median_sentiment_score,-0.043637928725392766,,,,,,,
descriptive_statistics,year,2021,max_sentiment_score,0.9095829371362925,,,,,,,
descriptive_statistics,year,2021,mean_positive_probability,0.20843447880228577,,,,,,,
descriptive_statistics,year,2021,mean_neutral_probability,0.5541301359496251,,,,,,,
descriptive_statistics,year,2021,mean_negative_probability,0.2374353852220523,,,,,,,
descriptive_statistics,year,2022,posts,1197,,,,,,,
descriptive_statistics,year,2022,mean_sentiment_score,-0.15515580184578887,,,,,,,
descriptive_statistics,year,2022,std_sentiment_score,0.29155121948075463,,,,,,,
descriptive_statistics,year,2022,min_sentiment_score,-0.9590749442577362,,,,,,,
descriptive_statistics,year,2022,median_sentiment_score,-0.11476370895450767,,,,,,,
descriptive_statistics,year,2022,max_sentiment_score,0.8580898307263851,,,,,,,
descriptive_statistics,year,2022,mean_positive_probability,0.1839035524864349,,,,,,,
descriptive_statistics,year,2022,mean_neutral_probability,0.4770370928172737,,,,,,,
descriptive_statistics,year,2022,mean_negative_probability,0.3390593543322238,,,,,,,
descriptive_statistics,year,2023,posts,223,,,,,,,
descriptive_statistics,year,2023,mean_sentiment_score,-0.049963207264901624,,,,,,,
descriptive_statistics,year,2023,std_sentiment_score,0.2245811267497527,,,,,,,
descriptive_statistics,year,2023,min_sentiment_score,-0.9383652526885271,,,,,,,
descriptive_statistics,year,2023,median_sentiment_score,-0.04850989580154419,,,,,,,
descriptive_statistics,year,2023,max_sentiment_score,0.5354521604254842,,,,,,,
descriptive_statistics,year,2023,mean_positive_probability,0.21531833441460932,,,,,,,
descriptive_statistics,year,2023,mean_neutral_probability,0.5194001241114049,,,,,,,
descriptive_statistics,year,2023,mean_negative_probability,0.26528154167951096,,,,,,,
descriptive_statistics,subreddit,StockMarket,posts,433,,,,,,,
descriptive_statistics,subreddit,StockMarket,mean_sentiment_score,-0.14150323779140253,,,,,,,
descriptive_statistics,subreddit,StockMarket,std_sentiment_score,0.30659579669662634,,,,,,,
descriptive_statistics,subreddit,StockMarket,min_sentiment_score,-0.9590749442577362,,,,,,,
descriptive_statistics,subreddit,StockMarket,median_sentiment_score,-0.09402766451239586,,,,,,,
descriptive_statistics,subreddit,StockMarket,max_sentiment_score,0.8473948016762733,,,,,,,
descriptive_statistics,subreddit,StockMarket,mean_positive_probability,0.21998300963530007,,,,,,,
descriptive_statistics,subreddit,StockMarket,mean_neutral_probability,0.418530742333281,,,,,,,
descriptive_statistics,subreddit,StockMarket,mean_negative_probability,0.3614862474267026,,,,,,,
descriptive_statistics,subreddit,investing,posts,298,,,,,,,
descriptive_statistics,subreddit,investing,mean_sentiment_score,-0.13062349119219288,,,,,,,
descriptive_statistics,subreddit,investing,std_sentiment_score,0.2738844184668876,,,,,,,
descriptive_statistics,subreddit,investing,min_sentiment_score,-0.9308290295302868,,,,,,,
descriptive_statistics,subreddit,investing,median_sentiment_score,-0.08569108718074858,,,,,,,
descriptive_statistics,subreddit,investing,max_sentiment_score,0.8580898307263851,,,,,,,
descriptive_statistics,subreddit,investing,mean_positive_probability,0.14973551944644933,,,,,,,
descriptive_statistics,subreddit,investing,mean_neutral_probability,0.56990547118215,,,,,,,
descriptive_statistics,subreddit,investing,mean_negative_probability,0.2803590106386422,,,,,,,
descriptive_statistics,subreddit,stocks,posts,772,,,,,,,
descriptive_statistics,subreddit,stocks,mean_sentiment_score,-0.12833376026343546,,,,,,,
descriptive_statistics,subreddit,stocks,std_sentiment_score,0.273232620123289,,,,,,,
descriptive_statistics,subreddit,stocks,min_sentiment_score,-0.9580330532044172,,,,,,,
descriptive_statistics,subreddit,stocks,median_sentiment_score,-0.10734260255315656,,,,,,,
descriptive_statistics,subreddit,stocks,max_sentiment_score,0.9095829371362925,,,,,,,
descriptive_statistics,subreddit,stocks,mean_positive_probability,0.18856836097692142,,,,,,,
descriptive_statistics,subreddit,stocks,mean_neutral_probability,0.49452951712480236,,,,,,,
descriptive_statistics,subreddit,stocks,mean_negative_probability,0.3169021212403569,,,,,,,
descriptive_statistics,text_type,title_only,posts,253,,,,,,,
descriptive_statistics,text_type,title_only,mean_sentiment_score,-0.2551973409633544,,,,,,,
descriptive_statistics,text_type,title_only,std_sentiment_score,0.45248542888673254,,,,,,,
descriptive_statistics,text_type,title_only,min_sentiment_score,-0.9590749442577362,,,,,,,
descriptive_statistics,text_type,title_only,median_sentiment_score,-0.12190894782543182,,,,,,,
descriptive_statistics,text_type,title_only,max_sentiment_score,0.9095829371362925,,,,,,,
descriptive_statistics,text_type,title_only,mean_positive_probability,0.1154408911181729,,,,,,,
descriptive_statistics,text_type,title_only,mean_neutral_probability,0.5139208763189937,,,,,,,
descriptive_statistics,text_type,title_only,mean_negative_probability,0.37063823208152724,,,,,,,
descriptive_statistics,text_type,title_plus_body,posts,1250,,,,,,,
descriptive_statistics,text_type,title_plus_body,mean_sentiment_score,-0.10776435039887547,,,,,,,
descriptive_statistics,text_type,title_plus_body,std_sentiment_score,0.22694347310361257,,,,,,,
descriptive_statistics,text_type,title_plus_body,min_sentiment_score,-0.8836986869573593,,,,,,,
descriptive_statistics,text_type,title_plus_body,median_sentiment_score,-0.09310608593408357,,,,,,,
descriptive_statistics,text_type,title_plus_body,max_sentiment_score,0.8222204508880774,,,,,,,
descriptive_statistics,text_type,title_plus_body,mean_positive_probability,0.20499364575072992,,,,,,,
descriptive_statistics,text_type,title_plus_body,mean_neutral_probability,0.4822483578833867,,,,,,,
descriptive_statistics,text_type,title_plus_body,mean_negative_probability,0.31275799614960537,,,,,,,
