id,date_utc,subreddit,n_chunks,post_positive_probability,post_neutral_probability,post_negative_probability,sentiment_score,sentiment_label,tokenizer_safeguard_applied
kpjvhs,2021-01-03,investing,69,0.3205240288600865,0.38567347047121625,0.2938024992987081,0.02672152956137841,neutral,False
kt6slu,2021-01-08,stocks,9,0.13073013143406972,0.7437656422456106,0.12550422280198992,0.0052259086320798065,neutral,False
lcdbmq,2021-02-04,investing,10,0.13797303847968573,0.8195127367973327,0.04251420777291056,0.09545883070677516,neutral,False
lcduke,2021-02-04,StockMarket,37,0.3201527259740475,0.47790371480624416,0.201943558011506,0.11820916796254147,neutral,False
llb0bs,2021-02-16,stocks,70,0.3117712448949792,0.39844263004405156,0.28978612203417076,0.021985122860808448,neutral,False
lrclcc,2021-02-24,StockMarket,7,0.09578171957816393,0.5938827315611499,0.3103355642940317,-0.21455384471586775,neutral,False
mq36w5,2021-04-13,investing,1,0.1478994190692901,0.3435125946998596,0.5085880756378174,-0.3606886565685273,negative,False
ngsgcn,2021-05-20,stocks,27,0.22964374262287657,0.4970745780263786,0.2732816713482693,-0.04363792872539274,neutral,False
o0mwiu,2021-06-15,investing,33,0.1405382591553709,0.7308410902818044,0.12862066374245013,0.011917595412920784,neutral,False
o9sk5d,2021-06-28,StockMarket,15,0.2914689686149359,0.594917696962754,0.113613338706394,0.17785562990854187,neutral,False
pltxcf,2021-09-10,stocks,62,0.3531158145201662,0.30125629667553205,0.34562788160157293,0.0074879329185932875,positive,False
pzjk2y,2021-10-01,StockMarket,120,0.28561799663196624,0.30365089553718766,0.410731110527801,-0.12511311389583474,negative,False
rf06a5,2021-12-12,investing,1,0.0358537696301937,0.8898747563362122,0.074271447956562,-0.0384176783263683,neutral,False
rmvjyr,2021-12-23,stocks,1,0.0267004836350679,0.766177773475647,0.2071217596530914,-0.1804212760180235,neutral,False
rstzza,2021-12-31,StockMarket,19,0.15177999980943763,0.5107475885827291,0.33747240606891477,-0.18569240625947714,neutral,False
rv1t6f,2022-01-03,StockMarket,22,0.31134714198891406,0.3434288247742436,0.34522403353317216,-0.0338768915442581,negative,False
s2dle3,2022-01-12,stocks,5,0.1742060177028179,0.37574639692902567,0.45004760921001435,-0.27584159150719645,negative,False
s6gs28,2022-01-17,investing,51,0.31137638372898685,0.5503793389664269,0.13824427730458622,0.17313210642440063,neutral,False
t2jyu9,2022-02-27,investing,6,0.2674351685370008,0.7029445543885231,0.029620275211830884,0.2378148933251699,neutral,False
t3oxm7,2022-02-28,stocks,1,0.8588124513626099,0.121576152741909,0.0196114536374807,0.8392009977251291,positive,False
t4a6q3,2022-03-01,StockMarket,1,0.8788702487945557,0.0896543338894844,0.0314754471182823,0.8473948016762733,positive,False
tg0bxf,2022-03-17,investing,14,0.09604648736837715,0.2786485813558101,0.6253049275837839,-0.5292584402154067,negative,False
tq4skh,2022-03-28,StockMarket,1,0.0213329400867223,0.6644253730773926,0.3142417073249817,-0.29290876723825937,neutral,False
tr0n7d,2022-03-29,stocks,19,0.10231206105335758,0.641561247604458,0.2561266805094323,-0.15381461945607475,neutral,False
v7acpd,2022-06-07,stocks,42,0.1336189927311525,0.15132943270284502,0.715051581506573,-0.5814325887754205,negative,False
v7ews7,2022-06-08,StockMarket,24,0.288564532296732,0.16803250077646223,0.5434029658790678,-0.25483843358233577,negative,False
vax59e,2022-06-12,investing,38,0.11219560266717479,0.7445200995395058,0.1432842993373541,-0.0310886966701793,neutral,False
zxq9wh,2022-12-29,investing,30,0.2012594303426643,0.4254941842208306,0.37324638133868576,-0.17198695099602146,neutral,False
zzj3c6,2022-12-31,StockMarket,120,0.22453023322935522,0.34980458022716143,0.4256651884798581,-0.2011349552505029,negative,False
zzj6nf,2022-12-31,stocks,120,0.22531720805369934,0.3490073387976736,0.42567545287311076,-0.20035824481941142,negative,False
100tiwu,2023-01-01,stocks,18,0.23599481375681025,0.6495464380002685,0.11445874519025281,0.12153606856655744,neutral,False
100zdqx,2023-01-02,investing,8,0.1182988086948171,0.24084469815716145,0.6408565060701221,-0.522557697375305,negative,False
102q6jd,2023-01-04,StockMarket,83,0.15670969614377578,0.5377786766333752,0.30551162679646027,-0.1488019306526845,neutral,False
11a2dbz,2023-02-23,StockMarket,7,0.06945548765361305,0.901878263269152,0.02866625147206437,0.04078923618154868,neutral,False
11bey8f,2023-02-25,stocks,6,0.3723943742612998,0.4265866143008073,0.20101899940830967,0.17137537485299012,neutral,False
11cf6bl,2023-02-26,investing,3,0.022821241368849998,0.7213441332181295,0.25583462913831073,-0.23301338776946073,neutral,False
123pl5u,2023-03-27,StockMarket,66,0.26836799842898135,0.5843048585635243,0.14732712696334624,0.12104087146563511,neutral,False
137j2kz,2023-05-04,investing,75,0.362835127338767,0.43204371598859626,0.20512115818137922,0.15771396915738778,neutral,False
14dv2wx,2023-06-20,StockMarket,1,0.0133215468376874,0.0349916741251945,0.9516867995262146,-0.9383652526885272,negative,False
14e7eyk,2023-06-20,stocks,40,0.4143048191908747,0.47504910989664495,0.11064606667496261,0.30365875251591207,neutral,False
163o0x6,2023-08-28,investing,16,0.12552291154861447,0.7321331636048853,0.14234392862999806,-0.016821017081383588,neutral,False
16477ar,2023-08-29,stocks,91,0.23724205943929785,0.2781886542318286,0.4845692909906035,-0.24732723155130562,negative,False
18qw6u1,2023-12-26,investing,11,0.33390952358868986,0.5661251737990163,0.0999652874994684,0.23394423608922146,neutral,False
18tnu9o,2023-12-29,StockMarket,56,0.3745008610920714,0.25631984306632405,0.3691793006146326,0.005321560477438814,positive,False
18u0u37,2023-12-29,stocks,5,0.28699709922075267,0.5334906674921512,0.17951223570853464,0.10748486351221803,neutral,False
