recorded_at_utc,subreddit,initial_window,final_window,window_start_utc,window_end_utc_exclusive,query_used,result_count,api_request_count,retry_count,timeout_422_count,rate_limit_429_count,split_depth,split_required,status,error_message
2026-08-15T15:39:25Z,investing,"[2021-01-01T00:00:00Z, 2022-01-01T00:00:00Z)","[2021-01-01T00:00:00Z, 2022-01-01T00:00:00Z)",2021-01-01T00:00:00Z,2022-01-01T00:00:00Z,Kyiv,0,2,1,1,0,0,False,complete,
2026-08-15T15:43:27Z,investing,"[2021-01-01T00:00:00Z, 2022-01-01T00:00:00Z)","[2021-01-01T00:00:00Z, 2022-01-01T00:00:00Z)",2021-01-01T00:00:00Z,2022-01-01T00:00:00Z,Ukraine,13,1,0,0,0,0,False,complete,
2026-08-15T15:43:28Z,investing,"[2021-01-01T00:00:00Z, 2022-01-01T00:00:00Z)","[2021-01-01T00:00:00Z, 2022-01-01T00:00:00Z)",2021-01-01T00:00:00Z,2022-01-01T00:00:00Z,Ukrainian,0,1,0,0,0,0,False,complete,
2026-08-15T15:43:29Z,investing,"[2021-01-01T00:00:00Z, 2022-01-01T00:00:00Z)","[2021-01-01T00:00:00Z, 2022-01-01T00:00:00Z)",2021-01-01T00:00:00Z,2022-01-01T00:00:00Z,Russia,33,1,0,0,0,0,False,complete,
2026-08-15T15:43:30Z,investing,"[2021-01-01T00:00:00Z, 2022-01-01T00:00:00Z)","[2021-01-01T00:00:00Z, 2022-01-01T00:00:00Z)",2021-01-01T00:00:00Z,2022-01-01T00:00:00Z,Russian,24,1,0,0,0,0,False,complete,
2026-08-15T15:43:30Z,investing,"[2021-01-01T00:00:00Z, 2022-01-01T00:00:00Z)","[2021-01-01T00:00:00Z, 2022-01-01T00:00:00Z)",2021-01-01T00:00:00Z,2022-01-01T00:00:00Z,Putin,1,1,0,0,0,0,False,complete,
2026-08-15T15:43:31Z,investing,"[2021-01-01T00:00:00Z, 2022-01-01T00:00:00Z)","[2021-01-01T00:00:00Z, 2022-01-01T00:00:00Z)",2021-01-01T00:00:00Z,2022-01-01T00:00:00Z,Kiev,0,1,0,0,0,0,False,complete,
2026-08-15T15:43:32Z,investing,"[2021-01-01T00:00:00Z, 2022-01-01T00:00:00Z)","[2021-01-01T00:00:00Z, 2022-01-01T00:00:00Z)",2021-01-01T00:00:00Z,2022-01-01T00:00:00Z,Moscow,0,1,0,0,0,0,False,complete,
2026-08-15T15:43:33Z,investing,"[2021-01-01T00:00:00Z, 2022-01-01T00:00:00Z)","[2021-01-01T00:00:00Z, 2022-01-01T00:00:00Z)",2021-01-01T00:00:00Z,2022-01-01T00:00:00Z,invasion,4,1,0,0,0,0,False,complete,
2026-08-15T15:43:34Z,investing,"[2021-01-01T00:00:00Z, 2022-01-01T00:00:00Z)","[2021-01-01T00:00:00Z, 2022-01-01T00:00:00Z)",2021-01-01T00:00:00Z,2022-01-01T00:00:00Z,sanctions,11,1,0,0,0,0,False,complete,
2026-08-15T15:43:35Z,investing,"[2021-01-01T00:00:00Z, 2022-01-01T00:00:00Z)","[2021-01-01T00:00:00Z, 2022-01-01T00:00:00Z)",2021-01-01T00:00:00Z,2022-01-01T00:00:00Z,NATO,4,1,0,0,0,0,False,complete,
2026-08-15T15:44:01Z,stocks,"[2021-01-01T00:00:00Z, 2022-01-01T00:00:00Z)","[2021-01-01T00:00:00Z, 2022-01-01T00:00:00Z)",2021-01-01T00:00:00Z,2022-01-01T00:00:00Z,Ukraine,24,2,1,0,1,0,False,complete,
2026-08-15T15:44:02Z,stocks,"[2021-01-01T00:00:00Z, 2022-01-01T00:00:00Z)","[2021-01-01T00:00:00Z, 2022-01-01T00:00:00Z)",2021-01-01T00:00:00Z,2022-01-01T00:00:00Z,Ukrainian,2,1,0,0,0,0,False,complete,
2026-08-15T15:44:03Z,stocks,"[2021-01-01T00:00:00Z, 2022-01-01T00:00:00Z)","[2021-01-01T00:00:00Z, 2022-01-01T00:00:00Z)",2021-01-01T00:00:00Z,2022-01-01T00:00:00Z,Russia,67,1,0,0,0,0,False,complete,
2026-08-15T15:44:04Z,stocks,"[2021-01-01T00:00:00Z, 2022-01-01T00:00:00Z)","[2021-01-01T00:00:00Z, 2022-01-01T00:00:00Z)",2021-01-01T00:00:00Z,2022-01-01T00:00:00Z,Russian,46,1,0,0,0,0,False,complete,
2026-08-15T15:44:05Z,stocks,"[2021-01-01T00:00:00Z, 2022-01-01T00:00:00Z)","[2021-01-01T00:00:00Z, 2022-01-01T00:00:00Z)",2021-01-01T00:00:00Z,2022-01-01T00:00:00Z,Putin,9,1,0,0,0,0,False,complete,
2026-08-15T15:44:06Z,stocks,"[2021-01-01T00:00:00Z, 2022-01-01T00:00:00Z)","[2021-01-01T00:00:00Z, 2022-01-01T00:00:00Z)",2021-01-01T00:00:00Z,2022-01-01T00:00:00Z,Kyiv,0,1,0,0,0,0,False,complete,
2026-08-15T15:44:06Z,stocks,"[2021-01-01T00:00:00Z, 2022-01-01T00:00:00Z)","[2021-01-01T00:00:00Z, 2022-01-01T00:00:00Z)",2021-01-01T00:00:00Z,2022-01-01T00:00:00Z,Kiev,0,1,0,0,0,0,False,complete,
2026-08-15T15:44:07Z,stocks,"[2021-01-01T00:00:00Z, 2022-01-01T00:00:00Z)","[2021-01-01T00:00:00Z, 2022-01-01T00:00:00Z)",2021-01-01T00:00:00Z,2022-01-01T00:00:00Z,Moscow,3,1,0,0,0,0,False,complete,
2026-08-15T15:44:08Z,stocks,"[2021-01-01T00:00:00Z, 2022-01-01T00:00:00Z)","[2021-01-01T00:00:00Z, 2022-01-01T00:00:00Z)",2021-01-01T00:00:00Z,2022-01-01T00:00:00Z,invasion,8,1,0,0,0,0,False,complete,
2026-08-15T15:44:09Z,stocks,"[2021-01-01T00:00:00Z, 2022-01-01T00:00:00Z)","[2021-01-01T00:00:00Z, 2022-01-01T00:00:00Z)",2021-01-01T00:00:00Z,2022-01-01T00:00:00Z,sanctions,15,1,0,0,0,0,False,complete,
2026-08-15T15:45:01Z,stocks,"[2021-01-01T00:00:00Z, 2022-01-01T00:00:00Z)","[2021-01-01T00:00:00Z, 2022-01-01T00:00:00Z)",2021-01-01T00:00:00Z,2022-01-01T00:00:00Z,NATO,6,2,1,0,1,0,False,complete,
2026-08-15T15:45:02Z,StockMarket,"[2021-01-01T00:00:00Z, 2022-01-01T00:00:00Z)","[2021-01-01T00:00:00Z, 2022-01-01T00:00:00Z)",2021-01-01T00:00:00Z,2022-01-01T00:00:00Z,Ukraine,10,1,0,0,0,0,False,complete,
2026-08-15T15:45:04Z,StockMarket,"[2021-01-01T00:00:00Z, 2022-01-01T00:00:00Z)","[2021-01-01T00:00:00Z, 2022-01-01T00:00:00Z)",2021-01-01T00:00:00Z,2022-01-01T00:00:00Z,Ukrainian,3,1,0,0,0,0,False,complete,
2026-08-15T15:45:05Z,StockMarket,"[2021-01-01T00:00:00Z, 2022-01-01T00:00:00Z)","[2021-01-01T00:00:00Z, 2022-01-01T00:00:00Z)",2021-01-01T00:00:00Z,2022-01-01T00:00:00Z,Russia,50,1,0,0,0,0,False,complete,
2026-08-15T15:45:06Z,StockMarket,"[2021-01-01T00:00:00Z, 2022-01-01T00:00:00Z)","[2021-01-01T00:00:00Z, 2022-01-01T00:00:00Z)",2021-01-01T00:00:00Z,2022-01-01T00:00:00Z,Russian,22,1,0,0,0,0,False,complete,
2026-08-15T15:45:12Z,StockMarket,"[2021-01-01T00:00:00Z, 2022-01-01T00:00:00Z)","[2021-01-01T00:00:00Z, 2022-01-01T00:00:00Z)",2021-01-01T00:00:00Z,2022-01-01T00:00:00Z,Putin,13,1,0,0,0,0,False,complete,
2026-08-15T15:45:14Z,StockMarket,"[2021-01-01T00:00:00Z, 2022-01-01T00:00:00Z)","[2021-01-01T00:00:00Z, 2022-01-01T00:00:00Z)",2021-01-01T00:00:00Z,2022-01-01T00:00:00Z,Kyiv,1,1,0,0,0,0,False,complete,
2026-08-15T15:45:17Z,StockMarket,"[2021-01-01T00:00:00Z, 2022-01-01T00:00:00Z)","[2021-01-01T00:00:00Z, 2022-01-01T00:00:00Z)",2021-01-01T00:00:00Z,2022-01-01T00:00:00Z,Kiev,0,1,0,0,0,0,False,complete,
2026-08-15T15:45:18Z,StockMarket,"[2021-01-01T00:00:00Z, 2022-01-01T00:00:00Z)","[2021-01-01T00:00:00Z, 2022-01-01T00:00:00Z)",2021-01-01T00:00:00Z,2022-01-01T00:00:00Z,Moscow,4,1,0,0,0,0,False,complete,
2026-08-15T15:45:20Z,StockMarket,"[2021-01-01T00:00:00Z, 2022-01-01T00:00:00Z)","[2021-01-01T00:00:00Z, 2022-01-01T00:00:00Z)",2021-01-01T00:00:00Z,2022-01-01T00:00:00Z,invasion,9,1,0,0,0,0,False,complete,
2026-08-15T15:46:01Z,StockMarket,"[2021-01-01T00:00:00Z, 2022-01-01T00:00:00Z)","[2021-01-01T00:00:00Z, 2022-01-01T00:00:00Z)",2021-01-01T00:00:00Z,2022-01-01T00:00:00Z,sanctions,9,2,1,0,1,0,False,complete,
2026-08-15T15:46:02Z,StockMarket,"[2021-01-01T00:00:00Z, 2022-01-01T00:00:00Z)","[2021-01-01T00:00:00Z, 2022-01-01T00:00:00Z)",2021-01-01T00:00:00Z,2022-01-01T00:00:00Z,NATO,3,1,0,0,0,0,False,complete,
2026-08-15T15:49:51Z,investing,"[2022-01-01T00:00:00Z, 2023-01-01T00:00:00Z)","[2022-01-01T00:00:00Z, 2023-01-01T00:00:00Z)",2022-01-01T00:00:00Z,2023-01-01T00:00:00Z,Ukraine,100,1,0,0,0,0,True,split_due_to_cap,
2026-08-15T15:49:56Z,investing,"[2022-01-01T00:00:00Z, 2023-01-01T00:00:00Z)","[2022-01-01T00:00:00Z, 2022-07-02T12:00:00Z)",2022-01-01T00:00:00Z,2022-07-02T12:00:00Z,Ukraine,100,1,0,0,0,1,True,split_due_to_cap,
2026-08-15T15:50:02Z,investing,"[2022-01-01T00:00:00Z, 2023-01-01T00:00:00Z)","[2022-01-01T00:00:00Z, 2022-04-02T06:00:00Z)",2022-01-01T00:00:00Z,2022-04-02T06:00:00Z,Ukraine,100,1,0,0,0,2,True,split_due_to_cap,
2026-08-15T15:50:07Z,investing,"[2022-01-01T00:00:00Z, 2023-01-01T00:00:00Z)","[2022-01-01T00:00:00Z, 2022-02-15T15:00:00Z)",2022-01-01T00:00:00Z,2022-02-15T15:00:00Z,Ukraine,24,2,1,1,0,3,False,complete,
2026-08-15T15:50:09Z,investing,"[2022-01-01T00:00:00Z, 2023-01-01T00:00:00Z)","[2022-02-15T15:00:00Z, 2022-04-02T06:00:00Z)",2022-02-15T15:00:00Z,2022-04-02T06:00:00Z,Ukraine,100,1,0,0,0,3,True,split_due_to_cap,
2026-08-15T15:50:12Z,investing,"[2022-01-01T00:00:00Z, 2023-01-01T00:00:00Z)","[2022-02-15T15:00:00Z, 2022-03-10T10:30:00Z)",2022-02-15T15:00:00Z,2022-03-10T10:30:00Z,Ukraine,76,1,0,0,0,4,False,complete,
2026-08-15T15:50:16Z,investing,"[2022-01-01T00:00:00Z, 2023-01-01T00:00:00Z)","[2022-03-10T10:30:00Z, 2022-04-02T06:00:00Z)",2022-03-10T10:30:00Z,2022-04-02T06:00:00Z,Ukraine,42,1,0,0,0,4,False,complete,
2026-08-15T15:50:19Z,investing,"[2022-01-01T00:00:00Z, 2023-01-01T00:00:00Z)","[2022-04-02T06:00:00Z, 2022-07-02T12:00:00Z)",2022-04-02T06:00:00Z,2022-07-02T12:00:00Z,Ukraine,45,1,0,0,0,2,False,complete,
2026-08-15T15:50:22Z,investing,"[2022-01-01T00:00:00Z, 2023-01-01T00:00:00Z)","[2022-07-02T12:00:00Z, 2023-01-01T00:00:00Z)",2022-07-02T12:00:00Z,2023-01-01T00:00:00Z,Ukraine,54,1,0,0,0,1,False,complete,
2026-08-15T15:50:24Z,investing,"[2022-01-01T00:00:00Z, 2023-01-01T00:00:00Z)","[2022-01-01T00:00:00Z, 2023-01-01T00:00:00Z)",2022-01-01T00:00:00Z,2023-01-01T00:00:00Z,Ukrainian,21,1,0,0,0,0,False,complete,
2026-08-15T15:50:26Z,investing,"[2022-01-01T00:00:00Z, 2023-01-01T00:00:00Z)","[2022-01-01T00:00:00Z, 2023-01-01T00:00:00Z)",2022-01-01T00:00:00Z,2023-01-01T00:00:00Z,Russia,100,1,0,0,0,0,True,split_due_to_cap,
2026-08-15T15:50:28Z,investing,"[2022-01-01T00:00:00Z, 2023-01-01T00:00:00Z)","[2022-01-01T00:00:00Z, 2022-07-02T12:00:00Z)",2022-01-01T00:00:00Z,2022-07-02T12:00:00Z,Russia,100,1,0,0,0,1,True,split_due_to_cap,
2026-08-15T15:51:03Z,investing,"[2022-01-01T00:00:00Z, 2023-01-01T00:00:00Z)","[2022-01-01T00:00:00Z, 2022-04-02T06:00:00Z)",2022-01-01T00:00:00Z,2022-04-02T06:00:00Z,Russia,100,2,1,0,1,2,True,split_due_to_cap,
2026-08-15T15:51:14Z,investing,"[2022-01-01T00:00:00Z, 2023-01-01T00:00:00Z)","[2022-01-01T00:00:00Z, 2022-02-15T15:00:00Z)",2022-01-01T00:00:00Z,2022-02-15T15:00:00Z,Russia,18,2,1,1,0,3,False,complete,
2026-08-15T15:51:19Z,investing,"[2022-01-01T00:00:00Z, 2023-01-01T00:00:00Z)","[2022-02-15T15:00:00Z, 2022-04-02T06:00:00Z)",2022-02-15T15:00:00Z,2022-04-02T06:00:00Z,Russia,100,1,0,0,0,3,True,split_due_to_cap,
2026-08-15T15:51:24Z,investing,"[2022-01-01T00:00:00Z, 2023-01-01T00:00:00Z)","[2022-02-15T15:00:00Z, 2022-03-10T10:30:00Z)",2022-02-15T15:00:00Z,2022-03-10T10:30:00Z,Russia,92,2,1,1,0,4,False,complete,
2026-08-15T15:51:29Z,investing,"[2022-01-01T00:00:00Z, 2023-01-01T00:00:00Z)","[2022-03-10T10:30:00Z, 2022-04-02T06:00:00Z)",2022-03-10T10:30:00Z,2022-04-02T06:00:00Z,Russia,39,2,1,1,0,4,False,complete,
2026-08-15T15:51:33Z,investing,"[2022-01-01T00:00:00Z, 2023-01-01T00:00:00Z)","[2022-04-02T06:00:00Z, 2022-07-02T12:00:00Z)",2022-04-02T06:00:00Z,2022-07-02T12:00:00Z,Russia,38,1,0,0,0,2,False,complete,
2026-08-15T15:51:37Z,investing,"[2022-01-01T00:00:00Z, 2023-01-01T00:00:00Z)","[2022-07-02T12:00:00Z, 2023-01-01T00:00:00Z)",2022-07-02T12:00:00Z,2023-01-01T00:00:00Z,Russia,38,1,0,0,0,1,False,complete,
2026-08-15T15:52:03Z,investing,"[2022-01-01T00:00:00Z, 2023-01-01T00:00:00Z)","[2022-01-01T00:00:00Z, 2023-01-01T00:00:00Z)",2022-01-01T00:00:00Z,2023-01-01T00:00:00Z,Russian,100,2,1,0,1,0,True,split_due_to_cap,
2026-08-15T15:52:06Z,investing,"[2022-01-01T00:00:00Z, 2023-01-01T00:00:00Z)","[2022-01-01T00:00:00Z, 2022-07-02T12:00:00Z)",2022-01-01T00:00:00Z,2022-07-02T12:00:00Z,Russian,100,1,0,0,0,1,True,split_due_to_cap,
2026-08-15T15:52:12Z,investing,"[2022-01-01T00:00:00Z, 2023-01-01T00:00:00Z)","[2022-01-01T00:00:00Z, 2022-04-02T06:00:00Z)",2022-01-01T00:00:00Z,2022-04-02T06:00:00Z,Russian,100,2,1,1,0,2,True,split_due_to_cap,
2026-08-15T15:52:16Z,investing,"[2022-01-01T00:00:00Z, 2023-01-01T00:00:00Z)","[2022-01-01T00:00:00Z, 2022-02-15T15:00:00Z)",2022-01-01T00:00:00Z,2022-02-15T15:00:00Z,Russian,9,1,0,0,0,3,False,complete,
2026-08-15T15:52:19Z,investing,"[2022-01-01T00:00:00Z, 2023-01-01T00:00:00Z)","[2022-02-15T15:00:00Z, 2022-04-02T06:00:00Z)",2022-02-15T15:00:00Z,2022-04-02T06:00:00Z,Russian,100,1,0,0,0,3,True,split_due_to_cap,
2026-08-15T15:52:21Z,investing,"[2022-01-01T00:00:00Z, 2023-01-01T00:00:00Z)","[2022-02-15T15:00:00Z, 2022-03-10T10:30:00Z)",2022-02-15T15:00:00Z,2022-03-10T10:30:00Z,Russian,83,1,0,0,0,4,False,complete,
2026-08-15T15:52:27Z,investing,"[2022-01-01T00:00:00Z, 2023-01-01T00:00:00Z)","[2022-03-10T10:30:00Z, 2022-04-02T06:00:00Z)",2022-03-10T10:30:00Z,2022-04-02T06:00:00Z,Russian,31,2,1,1,0,4,False,complete,
2026-08-15T15:52:30Z,investing,"[2022-01-01T00:00:00Z, 2023-01-01T00:00:00Z)","[2022-04-02T06:00:00Z, 2022-07-02T12:00:00Z)",2022-04-02T06:00:00Z,2022-07-02T12:00:00Z,Russian,34,1,0,0,0,2,False,complete,
2026-08-15T15:53:02Z,investing,"[2022-01-01T00:00:00Z, 2023-01-01T00:00:00Z)","[2022-07-02T12:00:00Z, 2023-01-01T00:00:00Z)",2022-07-02T12:00:00Z,2023-01-01T00:00:00Z,Russian,25,2,1,0,1,1,False,complete,
2026-08-15T15:53:04Z,investing,"[2022-01-01T00:00:00Z, 2023-01-01T00:00:00Z)","[2022-01-01T00:00:00Z, 2023-01-01T00:00:00Z)",2022-01-01T00:00:00Z,2023-01-01T00:00:00Z,Putin,25,1,0,0,0,0,False,complete,
2026-08-15T15:53:07Z,investing,"[2022-01-01T00:00:00Z, 2023-01-01T00:00:00Z)","[2022-01-01T00:00:00Z, 2023-01-01T00:00:00Z)",2022-01-01T00:00:00Z,2023-01-01T00:00:00Z,Kyiv,2,1,0,0,0,0,False,complete,
2026-08-15T15:53:10Z,investing,"[2022-01-01T00:00:00Z, 2023-01-01T00:00:00Z)","[2022-01-01T00:00:00Z, 2023-01-01T00:00:00Z)",2022-01-01T00:00:00Z,2023-01-01T00:00:00Z,Kiev,1,1,0,0,0,0,False,complete,
2026-08-15T15:53:11Z,investing,"[2022-01-01T00:00:00Z, 2023-01-01T00:00:00Z)","[2022-01-01T00:00:00Z, 2023-01-01T00:00:00Z)",2022-01-01T00:00:00Z,2023-01-01T00:00:00Z,Moscow,13,1,0,0,0,0,False,complete,
2026-08-15T15:53:12Z,investing,"[2022-01-01T00:00:00Z, 2023-01-01T00:00:00Z)","[2022-01-01T00:00:00Z, 2023-01-01T00:00:00Z)",2022-01-01T00:00:00Z,2023-01-01T00:00:00Z,invasion,57,1,0,0,0,0,False,complete,
2026-08-15T15:53:13Z,investing,"[2022-01-01T00:00:00Z, 2023-01-01T00:00:00Z)","[2022-01-01T00:00:00Z, 2023-01-01T00:00:00Z)",2022-01-01T00:00:00Z,2023-01-01T00:00:00Z,sanctions,43,1,0,0,0,0,False,complete,
2026-08-15T15:53:14Z,investing,"[2022-01-01T00:00:00Z, 2023-01-01T00:00:00Z)","[2022-01-01T00:00:00Z, 2023-01-01T00:00:00Z)",2022-01-01T00:00:00Z,2023-01-01T00:00:00Z,NATO,9,1,0,0,0,0,False,complete,
2026-08-15T15:53:16Z,stocks,"[2022-01-01T00:00:00Z, 2023-01-01T00:00:00Z)","[2022-01-01T00:00:00Z, 2023-01-01T00:00:00Z)",2022-01-01T00:00:00Z,2023-01-01T00:00:00Z,Ukraine,100,1,0,0,0,0,True,split_due_to_cap,
2026-08-15T15:53:17Z,stocks,"[2022-01-01T00:00:00Z, 2023-01-01T00:00:00Z)","[2022-01-01T00:00:00Z, 2022-07-02T12:00:00Z)",2022-01-01T00:00:00Z,2022-07-02T12:00:00Z,Ukraine,100,1,0,0,0,1,True,split_due_to_cap,
2026-08-15T15:54:01Z,stocks,"[2022-01-01T00:00:00Z, 2023-01-01T00:00:00Z)","[2022-01-01T00:00:00Z, 2022-04-02T06:00:00Z)",2022-01-01T00:00:00Z,2022-04-02T06:00:00Z,Ukraine,100,2,1,0,1,2,True,split_due_to_cap,
2026-08-15T15:54:01Z,stocks,"[2022-01-01T00:00:00Z, 2023-01-01T00:00:00Z)","[2022-01-01T00:00:00Z, 2022-02-15T15:00:00Z)",2022-01-01T00:00:00Z,2022-02-15T15:00:00Z,Ukraine,59,1,0,0,0,3,False,complete,
2026-08-15T15:54:02Z,stocks,"[2022-01-01T00:00:00Z, 2023-01-01T00:00:00Z)","[2022-02-15T15:00:00Z, 2022-04-02T06:00:00Z)",2022-02-15T15:00:00Z,2022-04-02T06:00:00Z,Ukraine,100,1,0,0,0,3,True,split_due_to_cap,
2026-08-15T15:54:04Z,stocks,"[2022-01-01T00:00:00Z, 2023-01-01T00:00:00Z)","[2022-02-15T15:00:00Z, 2022-03-10T10:30:00Z)",2022-02-15T15:00:00Z,2022-03-10T10:30:00Z,Ukraine,100,1,0,0,0,4,True,split_due_to_cap,
2026-08-15T15:54:05Z,stocks,"[2022-01-01T00:00:00Z, 2023-01-01T00:00:00Z)","[2022-02-15T15:00:00Z, 2022-02-27T00:45:00Z)",2022-02-15T15:00:00Z,2022-02-27T00:45:00Z,Ukraine,91,1,0,0,0,5,False,complete,
2026-08-15T15:54:06Z,stocks,"[2022-01-01T00:00:00Z, 2023-01-01T00:00:00Z)","[2022-02-27T00:45:00Z, 2022-03-10T10:30:00Z)",2022-02-27T00:45:00Z,2022-03-10T10:30:00Z,Ukraine,100,1,0,0,0,5,True,split_due_to_cap,
2026-08-15T15:54:07Z,stocks,"[2022-01-01T00:00:00Z, 2023-01-01T00:00:00Z)","[2022-02-27T00:45:00Z, 2022-03-04T17:37:30Z)",2022-02-27T00:45:00Z,2022-03-04T17:37:30Z,Ukraine,49,1,0,0,0,6,False,complete,
2026-08-15T15:54:08Z,stocks,"[2022-01-01T00:00:00Z, 2023-01-01T00:00:00Z)","[2022-03-04T17:37:30Z, 2022-03-10T10:30:00Z)",2022-03-04T17:37:30Z,2022-03-10T10:30:00Z,Ukraine,53,1,0,0,0,6,False,complete,
2026-08-15T15:54:09Z,stocks,"[2022-01-01T00:00:00Z, 2023-01-01T00:00:00Z)","[2022-03-10T10:30:00Z, 2022-04-02T06:00:00Z)",2022-03-10T10:30:00Z,2022-04-02T06:00:00Z,Ukraine,79,1,0,0,0,4,False,complete,
2026-08-15T15:54:10Z,stocks,"[2022-01-01T00:00:00Z, 2023-01-01T00:00:00Z)","[2022-04-02T06:00:00Z, 2022-07-02T12:00:00Z)",2022-04-02T06:00:00Z,2022-07-02T12:00:00Z,Ukraine,100,1,0,0,0,2,True,split_due_to_cap,
2026-08-15T15:55:03Z,stocks,"[2022-01-01T00:00:00Z, 2023-01-01T00:00:00Z)","[2022-04-02T06:00:00Z, 2022-05-17T21:00:00Z)",2022-04-02T06:00:00Z,2022-05-17T21:00:00Z,Ukraine,93,2,1,0,1,3,False,complete,
2026-08-15T15:55:07Z,stocks,"[2022-01-01T00:00:00Z, 2023-01-01T00:00:00Z)","[2022-05-17T21:00:00Z, 2022-07-02T12:00:00Z)",2022-05-17T21:00:00Z,2022-07-02T12:00:00Z,Ukraine,57,1,0,0,0,3,False,complete,
2026-08-15T15:55:09Z,stocks,"[2022-01-01T00:00:00Z, 2023-01-01T00:00:00Z)","[2022-07-02T12:00:00Z, 2023-01-01T00:00:00Z)",2022-07-02T12:00:00Z,2023-01-01T00:00:00Z,Ukraine,100,1,0,0,0,1,True,split_due_to_cap,
2026-08-15T15:55:11Z,stocks,"[2022-01-01T00:00:00Z, 2023-01-01T00:00:00Z)","[2022-07-02T12:00:00Z, 2022-10-01T18:00:00Z)",2022-07-02T12:00:00Z,2022-10-01T18:00:00Z,Ukraine,70,1,0,0,0,2,False,complete,
2026-08-15T15:55:12Z,stocks,"[2022-01-01T00:00:00Z, 2023-01-01T00:00:00Z)","[2022-10-01T18:00:00Z, 2023-01-01T00:00:00Z)",2022-10-01T18:00:00Z,2023-01-01T00:00:00Z,Ukraine,46,1,0,0,0,2,False,complete,
2026-08-15T15:55:14Z,stocks,"[2022-01-01T00:00:00Z, 2023-01-01T00:00:00Z)","[2022-01-01T00:00:00Z, 2023-01-01T00:00:00Z)",2022-01-01T00:00:00Z,2023-01-01T00:00:00Z,Ukrainian,49,1,0,0,0,0,False,complete,
2026-08-15T15:55:15Z,stocks,"[2022-01-01T00:00:00Z, 2023-01-01T00:00:00Z)","[2022-01-01T00:00:00Z, 2023-01-01T00:00:00Z)",2022-01-01T00:00:00Z,2023-01-01T00:00:00Z,Russia,100,1,0,0,0,0,True,split_due_to_cap,
2026-08-15T15:55:15Z,stocks,"[2022-01-01T00:00:00Z, 2023-01-01T00:00:00Z)","[2022-01-01T00:00:00Z, 2022-07-02T12:00:00Z)",2022-01-01T00:00:00Z,2022-07-02T12:00:00Z,Russia,100,1,0,0,0,1,True,split_due_to_cap,
2026-08-15T15:55:17Z,stocks,"[2022-01-01T00:00:00Z, 2023-01-01T00:00:00Z)","[2022-01-01T00:00:00Z, 2022-04-02T06:00:00Z)",2022-01-01T00:00:00Z,2022-04-02T06:00:00Z,Russia,100,1,0,0,0,2,True,split_due_to_cap,
2026-08-15T15:55:21Z,stocks,"[2022-01-01T00:00:00Z, 2023-01-01T00:00:00Z)","[2022-01-01T00:00:00Z, 2022-02-15T15:00:00Z)",2022-01-01T00:00:00Z,2022-02-15T15:00:00Z,Russia,57,1,0,0,0,3,False,complete,
2026-08-15T15:56:01Z,stocks,"[2022-01-01T00:00:00Z, 2023-01-01T00:00:00Z)","[2022-02-15T15:00:00Z, 2022-04-02T06:00:00Z)",2022-02-15T15:00:00Z,2022-04-02T06:00:00Z,Russia,100,2,1,0,1,3,True,split_due_to_cap,
2026-08-15T15:56:01Z,stocks,"[2022-01-01T00:00:00Z, 2023-01-01T00:00:00Z)","[2022-02-15T15:00:00Z, 2022-03-10T10:30:00Z)",2022-02-15T15:00:00Z,2022-03-10T10:30:00Z,Russia,100,1,0,0,0,4,True,split_due_to_cap,
2026-08-15T15:56:02Z,stocks,"[2022-01-01T00:00:00Z, 2023-01-01T00:00:00Z)","[2022-02-15T15:00:00Z, 2022-02-27T00:45:00Z)",2022-02-15T15:00:00Z,2022-02-27T00:45:00Z,Russia,100,1,0,0,0,5,True,split_due_to_cap,
2026-08-15T15:56:03Z,stocks,"[2022-01-01T00:00:00Z, 2023-01-01T00:00:00Z)","[2022-02-15T15:00:00Z, 2022-02-21T07:52:30Z)",2022-02-15T15:00:00Z,2022-02-21T07:52:30Z,Russia,21,1,0,0,0,6,False,complete,
2026-08-15T15:56:03Z,stocks,"[2022-01-01T00:00:00Z, 2023-01-01T00:00:00Z)","[2022-02-21T07:52:30Z, 2022-02-27T00:45:00Z)",2022-02-21T07:52:30Z,2022-02-27T00:45:00Z,Russia,80,1,0,0,0,6,False,complete,
2026-08-15T15:56:04Z,stocks,"[2022-01-01T00:00:00Z, 2023-01-01T00:00:00Z)","[2022-02-27T00:45:00Z, 2022-03-10T10:30:00Z)",2022-02-27T00:45:00Z,2022-03-10T10:30:00Z,Russia,100,1,0,0,0,5,True,split_due_to_cap,
2026-08-15T15:56:05Z,stocks,"[2022-01-01T00:00:00Z, 2023-01-01T00:00:00Z)","[2022-02-27T00:45:00Z, 2022-03-04T17:37:30Z)",2022-02-27T00:45:00Z,2022-03-04T17:37:30Z,Russia,55,1,0,0,0,6,False,complete,
2026-08-15T15:56:06Z,stocks,"[2022-01-01T00:00:00Z, 2023-01-01T00:00:00Z)","[2022-03-04T17:37:30Z, 2022-03-10T10:30:00Z)",2022-03-04T17:37:30Z,2022-03-10T10:30:00Z,Russia,60,1,0,0,0,6,False,complete,
2026-08-15T15:56:07Z,stocks,"[2022-01-01T00:00:00Z, 2023-01-01T00:00:00Z)","[2022-03-10T10:30:00Z, 2022-04-02T06:00:00Z)",2022-03-10T10:30:00Z,2022-04-02T06:00:00Z,Russia,81,1,0,0,0,4,False,complete,
2026-08-15T15:56:07Z,stocks,"[2022-01-01T00:00:00Z, 2023-01-01T00:00:00Z)","[2022-04-02T06:00:00Z, 2022-07-02T12:00:00Z)",2022-04-02T06:00:00Z,2022-07-02T12:00:00Z,Russia,100,1,0,0,0,2,True,split_due_to_cap,
2026-08-15T15:57:01Z,stocks,"[2022-01-01T00:00:00Z, 2023-01-01T00:00:00Z)","[2022-04-02T06:00:00Z, 2022-05-17T21:00:00Z)",2022-04-02T06:00:00Z,2022-05-17T21:00:00Z,Russia,65,2,1,0,1,3,False,complete,
2026-08-15T15:57:04Z,stocks,"[2022-01-01T00:00:00Z, 2023-01-01T00:00:00Z)","[2022-05-17T21:00:00Z, 2022-07-02T12:00:00Z)",2022-05-17T21:00:00Z,2022-07-02T12:00:00Z,Russia,42,1,0,0,0,3,False,complete,
2026-08-15T15:57:07Z,stocks,"[2022-01-01T00:00:00Z, 2023-01-01T00:00:00Z)","[2022-07-02T12:00:00Z, 2023-01-01T00:00:00Z)",2022-07-02T12:00:00Z,2023-01-01T00:00:00Z,Russia,99,1,0,0,0,1,False,complete,
2026-08-15T15:57:09Z,stocks,"[2022-01-01T00:00:00Z, 2023-01-01T00:00:00Z)","[2022-01-01T00:00:00Z, 2023-01-01T00:00:00Z)",2022-01-01T00:00:00Z,2023-01-01T00:00:00Z,Russian,100,1,0,0,0,0,True,split_due_to_cap,
2026-08-15T15:57:10Z,stocks,"[2022-01-01T00:00:00Z, 2023-01-01T00:00:00Z)","[2022-01-01T00:00:00Z, 2022-07-02T12:00:00Z)",2022-01-01T00:00:00Z,2022-07-02T12:00:00Z,Russian,100,1,0,0,0,1,True,split_due_to_cap,
2026-08-15T15:57:11Z,stocks,"[2022-01-01T00:00:00Z, 2023-01-01T00:00:00Z)","[2022-01-01T00:00:00Z, 2022-04-02T06:00:00Z)",2022-01-01T00:00:00Z,2022-04-02T06:00:00Z,Russian,100,1,0,0,0,2,True,split_due_to_cap,
2026-08-15T15:57:13Z,stocks,"[2022-01-01T00:00:00Z, 2023-01-01T00:00:00Z)","[2022-01-01T00:00:00Z, 2022-02-15T15:00:00Z)",2022-01-01T00:00:00Z,2022-02-15T15:00:00Z,Russian,29,1,0,0,0,3,False,complete,
2026-08-15T15:57:16Z,stocks,"[2022-01-01T00:00:00Z, 2023-01-01T00:00:00Z)","[2022-02-15T15:00:00Z, 2022-04-02T06:00:00Z)",2022-02-15T15:00:00Z,2022-04-02T06:00:00Z,Russian,100,1,0,0,0,3,True,split_due_to_cap,
2026-08-15T15:57:19Z,stocks,"[2022-01-01T00:00:00Z, 2023-01-01T00:00:00Z)","[2022-02-15T15:00:00Z, 2022-03-10T10:30:00Z)",2022-02-15T15:00:00Z,2022-03-10T10:30:00Z,Russian,100,1,0,0,0,4,True,split_due_to_cap,
2026-08-15T15:57:21Z,stocks,"[2022-01-01T00:00:00Z, 2023-01-01T00:00:00Z)","[2022-02-15T15:00:00Z, 2022-02-27T00:45:00Z)",2022-02-15T15:00:00Z,2022-02-27T00:45:00Z,Russian,50,1,0,0,0,5,False,complete,
2026-08-15T15:58:00Z,stocks,"[2022-01-01T00:00:00Z, 2023-01-01T00:00:00Z)","[2022-02-27T00:45:00Z, 2022-03-10T10:30:00Z)",2022-02-27T00:45:00Z,2022-03-10T10:30:00Z,Russian,100,2,1,0,1,5,True,split_due_to_cap,
2026-08-15T15:58:01Z,stocks,"[2022-01-01T00:00:00Z, 2023-01-01T00:00:00Z)","[2022-02-27T00:45:00Z, 2022-03-04T17:37:30Z)",2022-02-27T00:45:00Z,2022-03-04T17:37:30Z,Russian,58,1,0,0,0,6,False,complete,
2026-08-15T15:58:02Z,stocks,"[2022-01-01T00:00:00Z, 2023-01-01T00:00:00Z)","[2022-03-04T17:37:30Z, 2022-03-10T10:30:00Z)",2022-03-04T17:37:30Z,2022-03-10T10:30:00Z,Russian,47,1,0,0,0,6,False,complete,
2026-08-15T15:58:03Z,stocks,"[2022-01-01T00:00:00Z, 2023-01-01T00:00:00Z)","[2022-03-10T10:30:00Z, 2022-04-02T06:00:00Z)",2022-03-10T10:30:00Z,2022-04-02T06:00:00Z,Russian,61,1,0,0,0,4,False,complete,
2026-08-15T15:58:04Z,stocks,"[2022-01-01T00:00:00Z, 2023-01-01T00:00:00Z)","[2022-04-02T06:00:00Z, 2022-07-02T12:00:00Z)",2022-04-02T06:00:00Z,2022-07-02T12:00:00Z,Russian,83,1,0,0,0,2,False,complete,
2026-08-15T15:58:06Z,stocks,"[2022-01-01T00:00:00Z, 2023-01-01T00:00:00Z)","[2022-07-02T12:00:00Z, 2023-01-01T00:00:00Z)",2022-07-02T12:00:00Z,2023-01-01T00:00:00Z,Russian,68,1,0,0,0,1,False,complete,
2026-08-15T15:58:06Z,stocks,"[2022-01-01T00:00:00Z, 2023-01-01T00:00:00Z)","[2022-01-01T00:00:00Z, 2023-01-01T00:00:00Z)",2022-01-01T00:00:00Z,2023-01-01T00:00:00Z,Putin,85,1,0,0,0,0,False,complete,
2026-08-15T15:58:09Z,stocks,"[2022-01-01T00:00:00Z, 2023-01-01T00:00:00Z)","[2022-01-01T00:00:00Z, 2023-01-01T00:00:00Z)",2022-01-01T00:00:00Z,2023-01-01T00:00:00Z,Kyiv,15,1,0,0,0,0,False,complete,
2026-08-15T15:58:10Z,stocks,"[2022-01-01T00:00:00Z, 2023-01-01T00:00:00Z)","[2022-01-01T00:00:00Z, 2023-01-01T00:00:00Z)",2022-01-01T00:00:00Z,2023-01-01T00:00:00Z,Kiev,0,1,0,0,0,0,False,complete,
2026-08-15T15:58:11Z,stocks,"[2022-01-01T00:00:00Z, 2023-01-01T00:00:00Z)","[2022-01-01T00:00:00Z, 2023-01-01T00:00:00Z)",2022-01-01T00:00:00Z,2023-01-01T00:00:00Z,Moscow,32,1,0,0,0,0,False,complete,
2026-08-15T15:59:01Z,stocks,"[2022-01-01T00:00:00Z, 2023-01-01T00:00:00Z)","[2022-01-01T00:00:00Z, 2023-01-01T00:00:00Z)",2022-01-01T00:00:00Z,2023-01-01T00:00:00Z,invasion,100,2,1,0,1,0,True,split_due_to_cap,
2026-08-15T15:59:02Z,stocks,"[2022-01-01T00:00:00Z, 2023-01-01T00:00:00Z)","[2022-01-01T00:00:00Z, 2022-07-02T12:00:00Z)",2022-01-01T00:00:00Z,2022-07-02T12:00:00Z,invasion,100,1,0,0,0,1,True,split_due_to_cap,
2026-08-15T15:59:03Z,stocks,"[2022-01-01T00:00:00Z, 2023-01-01T00:00:00Z)","[2022-01-01T00:00:00Z, 2022-04-02T06:00:00Z)",2022-01-01T00:00:00Z,2022-04-02T06:00:00Z,invasion,95,1,0,0,0,2,False,complete,
2026-08-15T15:59:03Z,stocks,"[2022-01-01T00:00:00Z, 2023-01-01T00:00:00Z)","[2022-04-02T06:00:00Z, 2022-07-02T12:00:00Z)",2022-04-02T06:00:00Z,2022-07-02T12:00:00Z,invasion,33,1,0,0,0,2,False,complete,
2026-08-15T15:59:05Z,stocks,"[2022-01-01T00:00:00Z, 2023-01-01T00:00:00Z)","[2022-07-02T12:00:00Z, 2023-01-01T00:00:00Z)",2022-07-02T12:00:00Z,2023-01-01T00:00:00Z,invasion,31,1,0,0,0,1,False,complete,
2026-08-15T15:59:05Z,stocks,"[2022-01-01T00:00:00Z, 2023-01-01T00:00:00Z)","[2022-01-01T00:00:00Z, 2023-01-01T00:00:00Z)",2022-01-01T00:00:00Z,2023-01-01T00:00:00Z,sanctions,100,1,0,0,0,0,True,split_due_to_cap,
2026-08-15T15:59:06Z,stocks,"[2022-01-01T00:00:00Z, 2023-01-01T00:00:00Z)","[2022-01-01T00:00:00Z, 2022-07-02T12:00:00Z)",2022-01-01T00:00:00Z,2022-07-02T12:00:00Z,sanctions,100,1,0,0,0,1,True,split_due_to_cap,
2026-08-15T15:59:07Z,stocks,"[2022-01-01T00:00:00Z, 2023-01-01T00:00:00Z)","[2022-01-01T00:00:00Z, 2022-04-02T06:00:00Z)",2022-01-01T00:00:00Z,2022-04-02T06:00:00Z,sanctions,93,1,0,0,0,2,False,complete,
2026-08-15T15:59:08Z,stocks,"[2022-01-01T00:00:00Z, 2023-01-01T00:00:00Z)","[2022-04-02T06:00:00Z, 2022-07-02T12:00:00Z)",2022-04-02T06:00:00Z,2022-07-02T12:00:00Z,sanctions,24,1,0,0,0,2,False,complete,
2026-08-15T15:59:09Z,stocks,"[2022-01-01T00:00:00Z, 2023-01-01T00:00:00Z)","[2022-07-02T12:00:00Z, 2023-01-01T00:00:00Z)",2022-07-02T12:00:00Z,2023-01-01T00:00:00Z,sanctions,27,1,0,0,0,1,False,complete,
2026-08-15T16:00:04Z,stocks,"[2022-01-01T00:00:00Z, 2023-01-01T00:00:00Z)","[2022-01-01T00:00:00Z, 2023-01-01T00:00:00Z)",2022-01-01T00:00:00Z,2023-01-01T00:00:00Z,NATO,31,2,1,0,1,0,False,complete,
2026-08-15T16:00:10Z,StockMarket,"[2022-01-01T00:00:00Z, 2023-01-01T00:00:00Z)","[2022-01-01T00:00:00Z, 2023-01-01T00:00:00Z)",2022-01-01T00:00:00Z,2023-01-01T00:00:00Z,Ukraine,100,1,0,0,0,0,True,split_due_to_cap,
2026-08-15T16:00:22Z,StockMarket,"[2022-01-01T00:00:00Z, 2023-01-01T00:00:00Z)","[2022-01-01T00:00:00Z, 2022-07-02T12:00:00Z)",2022-01-01T00:00:00Z,2022-07-02T12:00:00Z,Ukraine,100,3,2,2,0,1,True,split_due_to_cap,
2026-08-15T16:00:27Z,StockMarket,"[2022-01-01T00:00:00Z, 2023-01-01T00:00:00Z)","[2022-01-01T00:00:00Z, 2022-04-02T06:00:00Z)",2022-01-01T00:00:00Z,2022-04-02T06:00:00Z,Ukraine,100,2,1,1,0,2,True,split_due_to_cap,
2026-08-15T16:00:30Z,StockMarket,"[2022-01-01T00:00:00Z, 2023-01-01T00:00:00Z)","[2022-01-01T00:00:00Z, 2022-02-15T15:00:00Z)",2022-01-01T00:00:00Z,2022-02-15T15:00:00Z,Ukraine,40,1,0,0,0,3,False,complete,
2026-08-15T16:00:35Z,StockMarket,"[2022-01-01T00:00:00Z, 2023-01-01T00:00:00Z)","[2022-02-15T15:00:00Z, 2022-04-02T06:00:00Z)",2022-02-15T15:00:00Z,2022-04-02T06:00:00Z,Ukraine,100,1,0,0,0,3,True,split_due_to_cap,
2026-08-15T16:00:40Z,StockMarket,"[2022-01-01T00:00:00Z, 2023-01-01T00:00:00Z)","[2022-02-15T15:00:00Z, 2022-03-10T10:30:00Z)",2022-02-15T15:00:00Z,2022-03-10T10:30:00Z,Ukraine,94,1,0,0,0,4,False,complete,
2026-08-15T16:01:03Z,StockMarket,"[2022-01-01T00:00:00Z, 2023-01-01T00:00:00Z)","[2022-03-10T10:30:00Z, 2022-04-02T06:00:00Z)",2022-03-10T10:30:00Z,2022-04-02T06:00:00Z,Ukraine,64,2,1,0,1,4,False,complete,
2026-08-15T16:01:09Z,StockMarket,"[2022-01-01T00:00:00Z, 2023-01-01T00:00:00Z)","[2022-04-02T06:00:00Z, 2022-07-02T12:00:00Z)",2022-04-02T06:00:00Z,2022-07-02T12:00:00Z,Ukraine,82,1,0,0,0,2,False,complete,
2026-08-15T16:01:12Z,StockMarket,"[2022-01-01T00:00:00Z, 2023-01-01T00:00:00Z)","[2022-07-02T12:00:00Z, 2023-01-01T00:00:00Z)",2022-07-02T12:00:00Z,2023-01-01T00:00:00Z,Ukraine,84,1,0,0,0,1,False,complete,
2026-08-15T16:01:19Z,StockMarket,"[2022-01-01T00:00:00Z, 2023-01-01T00:00:00Z)","[2022-01-01T00:00:00Z, 2023-01-01T00:00:00Z)",2022-01-01T00:00:00Z,2023-01-01T00:00:00Z,Ukrainian,,3,2,3,0,0,True,split_due_to_422_timeout,"{""data"":null,""error"":""Timeout. Maybe slow down a bit""}"
2026-08-15T16:01:26Z,StockMarket,"[2022-01-01T00:00:00Z, 2023-01-01T00:00:00Z)","[2022-01-01T00:00:00Z, 2022-07-02T12:00:00Z)",2022-01-01T00:00:00Z,2022-07-02T12:00:00Z,Ukrainian,47,2,1,1,0,1,False,complete,
2026-08-15T16:02:04Z,StockMarket,"[2022-01-01T00:00:00Z, 2023-01-01T00:00:00Z)","[2022-07-02T12:00:00Z, 2023-01-01T00:00:00Z)",2022-07-02T12:00:00Z,2023-01-01T00:00:00Z,Ukrainian,8,4,3,2,1,1,False,complete,
2026-08-15T16:02:08Z,StockMarket,"[2022-01-01T00:00:00Z, 2023-01-01T00:00:00Z)","[2022-01-01T00:00:00Z, 2023-01-01T00:00:00Z)",2022-01-01T00:00:00Z,2023-01-01T00:00:00Z,Russia,100,1,0,0,0,0,True,split_due_to_cap,
2026-08-15T16:02:11Z,StockMarket,"[2022-01-01T00:00:00Z, 2023-01-01T00:00:00Z)","[2022-01-01T00:00:00Z, 2022-07-02T12:00:00Z)",2022-01-01T00:00:00Z,2022-07-02T12:00:00Z,Russia,100,1,0,0,0,1,True,split_due_to_cap,
2026-08-15T16:02:13Z,StockMarket,"[2022-01-01T00:00:00Z, 2023-01-01T00:00:00Z)","[2022-01-01T00:00:00Z, 2022-04-02T06:00:00Z)",2022-01-01T00:00:00Z,2022-04-02T06:00:00Z,Russia,100,1,0,0,0,2,True,split_due_to_cap,
2026-08-15T16:02:26Z,StockMarket,"[2022-01-01T00:00:00Z, 2023-01-01T00:00:00Z)","[2022-01-01T00:00:00Z, 2022-02-15T15:00:00Z)",2022-01-01T00:00:00Z,2022-02-15T15:00:00Z,Russia,42,2,1,1,0,3,False,complete,
2026-08-15T16:02:28Z,StockMarket,"[2022-01-01T00:00:00Z, 2023-01-01T00:00:00Z)","[2022-02-15T15:00:00Z, 2022-04-02T06:00:00Z)",2022-02-15T15:00:00Z,2022-04-02T06:00:00Z,Russia,100,1,0,0,0,3,True,split_due_to_cap,
2026-08-15T16:02:31Z,StockMarket,"[2022-01-01T00:00:00Z, 2023-01-01T00:00:00Z)","[2022-02-15T15:00:00Z, 2022-03-10T10:30:00Z)",2022-02-15T15:00:00Z,2022-03-10T10:30:00Z,Russia,100,1,0,0,0,4,True,split_due_to_cap,
2026-08-15T16:02:32Z,StockMarket,"[2022-01-01T00:00:00Z, 2023-01-01T00:00:00Z)","[2022-02-15T15:00:00Z, 2022-02-27T00:45:00Z)",2022-02-15T15:00:00Z,2022-02-27T00:45:00Z,Russia,49,1,0,0,0,5,False,complete,
2026-08-15T16:02:35Z,StockMarket,"[2022-01-01T00:00:00Z, 2023-01-01T00:00:00Z)","[2022-02-27T00:45:00Z, 2022-03-10T10:30:00Z)",2022-02-27T00:45:00Z,2022-03-10T10:30:00Z,Russia,56,1,0,0,0,5,False,complete,
2026-08-15T16:03:02Z,StockMarket,"[2022-01-01T00:00:00Z, 2023-01-01T00:00:00Z)","[2022-03-10T10:30:00Z, 2022-04-02T06:00:00Z)",2022-03-10T10:30:00Z,2022-04-02T06:00:00Z,Russia,66,2,1,0,1,4,False,complete,
2026-08-15T16:03:07Z,StockMarket,"[2022-01-01T00:00:00Z, 2023-01-01T00:00:00Z)","[2022-04-02T06:00:00Z, 2022-07-02T12:00:00Z)",2022-04-02T06:00:00Z,2022-07-02T12:00:00Z,Russia,74,1,0,0,0,2,False,complete,
2026-08-15T16:03:10Z,StockMarket,"[2022-01-01T00:00:00Z, 2023-01-01T00:00:00Z)","[2022-07-02T12:00:00Z, 2023-01-01T00:00:00Z)",2022-07-02T12:00:00Z,2023-01-01T00:00:00Z,Russia,59,1,0,0,0,1,False,complete,
2026-08-15T16:03:14Z,StockMarket,"[2022-01-01T00:00:00Z, 2023-01-01T00:00:00Z)","[2022-01-01T00:00:00Z, 2023-01-01T00:00:00Z)",2022-01-01T00:00:00Z,2023-01-01T00:00:00Z,Russian,100,1,0,0,0,0,True,split_due_to_cap,
2026-08-15T16:03:24Z,StockMarket,"[2022-01-01T00:00:00Z, 2023-01-01T00:00:00Z)","[2022-01-01T00:00:00Z, 2022-07-02T12:00:00Z)",2022-01-01T00:00:00Z,2022-07-02T12:00:00Z,Russian,100,3,2,2,0,1,True,split_due_to_cap,
2026-08-15T16:03:28Z,StockMarket,"[2022-01-01T00:00:00Z, 2023-01-01T00:00:00Z)","[2022-01-01T00:00:00Z, 2022-04-02T06:00:00Z)",2022-01-01T00:00:00Z,2022-04-02T06:00:00Z,Russian,100,1,0,0,0,2,True,split_due_to_cap,
2026-08-15T16:03:31Z,StockMarket,"[2022-01-01T00:00:00Z, 2023-01-01T00:00:00Z)","[2022-01-01T00:00:00Z, 2022-02-15T15:00:00Z)",2022-01-01T00:00:00Z,2022-02-15T15:00:00Z,Russian,18,1,0,0,0,3,False,complete,
2026-08-15T16:03:35Z,StockMarket,"[2022-01-01T00:00:00Z, 2023-01-01T00:00:00Z)","[2022-02-15T15:00:00Z, 2022-04-02T06:00:00Z)",2022-02-15T15:00:00Z,2022-04-02T06:00:00Z,Russian,100,1,0,0,0,3,True,split_due_to_cap,
2026-08-15T16:04:02Z,StockMarket,"[2022-01-01T00:00:00Z, 2023-01-01T00:00:00Z)","[2022-02-15T15:00:00Z, 2022-03-10T10:30:00Z)",2022-02-15T15:00:00Z,2022-03-10T10:30:00Z,Russian,88,2,1,0,1,4,False,complete,
2026-08-15T16:04:06Z,StockMarket,"[2022-01-01T00:00:00Z, 2023-01-01T00:00:00Z)","[2022-03-10T10:30:00Z, 2022-04-02T06:00:00Z)",2022-03-10T10:30:00Z,2022-04-02T06:00:00Z,Russian,56,1,0,0,0,4,False,complete,
2026-08-15T16:04:09Z,StockMarket,"[2022-01-01T00:00:00Z, 2023-01-01T00:00:00Z)","[2022-04-02T06:00:00Z, 2022-07-02T12:00:00Z)",2022-04-02T06:00:00Z,2022-07-02T12:00:00Z,Russian,62,2,1,1,0,2,False,complete,
2026-08-15T16:04:12Z,StockMarket,"[2022-01-01T00:00:00Z, 2023-01-01T00:00:00Z)","[2022-07-02T12:00:00Z, 2023-01-01T00:00:00Z)",2022-07-02T12:00:00Z,2023-01-01T00:00:00Z,Russian,42,1,0,0,0,1,False,complete,
2026-08-15T16:04:14Z,StockMarket,"[2022-01-01T00:00:00Z, 2023-01-01T00:00:00Z)","[2022-01-01T00:00:00Z, 2023-01-01T00:00:00Z)",2022-01-01T00:00:00Z,2023-01-01T00:00:00Z,Putin,82,1,0,0,0,0,False,complete,
2026-08-15T16:04:16Z,StockMarket,"[2022-01-01T00:00:00Z, 2023-01-01T00:00:00Z)","[2022-01-01T00:00:00Z, 2023-01-01T00:00:00Z)",2022-01-01T00:00:00Z,2023-01-01T00:00:00Z,Kyiv,14,1,0,0,0,0,False,complete,
2026-08-15T16:04:16Z,StockMarket,"[2022-01-01T00:00:00Z, 2023-01-01T00:00:00Z)","[2022-01-01T00:00:00Z, 2023-01-01T00:00:00Z)",2022-01-01T00:00:00Z,2023-01-01T00:00:00Z,Kiev,1,1,0,0,0,0,False,complete,
2026-08-15T16:04:18Z,StockMarket,"[2022-01-01T00:00:00Z, 2023-01-01T00:00:00Z)","[2022-01-01T00:00:00Z, 2023-01-01T00:00:00Z)",2022-01-01T00:00:00Z,2023-01-01T00:00:00Z,Moscow,38,1,0,0,0,0,False,complete,
2026-08-15T16:04:19Z,StockMarket,"[2022-01-01T00:00:00Z, 2023-01-01T00:00:00Z)","[2022-01-01T00:00:00Z, 2023-01-01T00:00:00Z)",2022-01-01T00:00:00Z,2023-01-01T00:00:00Z,invasion,100,1,0,0,0,0,True,split_due_to_cap,
2026-08-15T16:05:05Z,StockMarket,"[2022-01-01T00:00:00Z, 2023-01-01T00:00:00Z)","[2022-01-01T00:00:00Z, 2022-07-02T12:00:00Z)",2022-01-01T00:00:00Z,2022-07-02T12:00:00Z,invasion,96,2,1,0,1,1,False,complete,
2026-08-15T16:05:10Z,StockMarket,"[2022-01-01T00:00:00Z, 2023-01-01T00:00:00Z)","[2022-07-02T12:00:00Z, 2023-01-01T00:00:00Z)",2022-07-02T12:00:00Z,2023-01-01T00:00:00Z,invasion,19,1,0,0,0,1,False,complete,
2026-08-15T16:05:22Z,StockMarket,"[2022-01-01T00:00:00Z, 2023-01-01T00:00:00Z)","[2022-01-01T00:00:00Z, 2023-01-01T00:00:00Z)",2022-01-01T00:00:00Z,2023-01-01T00:00:00Z,sanctions,,3,2,3,0,0,True,split_due_to_422_timeout,"{""data"":null,""error"":""Timeout. Maybe slow down a bit""}"
2026-08-15T16:05:34Z,StockMarket,"[2022-01-01T00:00:00Z, 2023-01-01T00:00:00Z)","[2022-01-01T00:00:00Z, 2022-07-02T12:00:00Z)",2022-01-01T00:00:00Z,2022-07-02T12:00:00Z,sanctions,82,3,2,2,0,1,False,complete,
2026-08-15T16:05:38Z,StockMarket,"[2022-01-01T00:00:00Z, 2023-01-01T00:00:00Z)","[2022-07-02T12:00:00Z, 2023-01-01T00:00:00Z)",2022-07-02T12:00:00Z,2023-01-01T00:00:00Z,sanctions,5,1,0,0,0,1,False,complete,
2026-08-15T16:06:05Z,StockMarket,"[2022-01-01T00:00:00Z, 2023-01-01T00:00:00Z)","[2022-01-01T00:00:00Z, 2023-01-01T00:00:00Z)",2022-01-01T00:00:00Z,2023-01-01T00:00:00Z,NATO,26,3,2,1,1,0,False,complete,
2026-08-15T16:19:21Z,investing,"[2023-01-01T00:00:00Z, 2024-01-01T00:00:00Z)","[2023-01-01T00:00:00Z, 2024-01-01T00:00:00Z)",2023-01-01T00:00:00Z,2024-01-01T00:00:00Z,Ukraine,48,1,0,0,0,0,False,complete,
2026-08-15T16:19:25Z,investing,"[2023-01-01T00:00:00Z, 2024-01-01T00:00:00Z)","[2023-01-01T00:00:00Z, 2024-01-01T00:00:00Z)",2023-01-01T00:00:00Z,2024-01-01T00:00:00Z,Ukrainian,6,1,0,0,0,0,False,complete,
2026-08-15T16:19:30Z,investing,"[2023-01-01T00:00:00Z, 2024-01-01T00:00:00Z)","[2023-01-01T00:00:00Z, 2024-01-01T00:00:00Z)",2023-01-01T00:00:00Z,2024-01-01T00:00:00Z,Russia,47,1,0,0,0,0,False,complete,
2026-08-15T16:19:32Z,investing,"[2023-01-01T00:00:00Z, 2024-01-01T00:00:00Z)","[2023-01-01T00:00:00Z, 2024-01-01T00:00:00Z)",2023-01-01T00:00:00Z,2024-01-01T00:00:00Z,Russian,28,1,0,0,0,0,False,complete,
2026-08-15T16:19:34Z,investing,"[2023-01-01T00:00:00Z, 2024-01-01T00:00:00Z)","[2023-01-01T00:00:00Z, 2024-01-01T00:00:00Z)",2023-01-01T00:00:00Z,2024-01-01T00:00:00Z,Putin,5,1,0,0,0,0,False,complete,
2026-08-15T16:19:36Z,investing,"[2023-01-01T00:00:00Z, 2024-01-01T00:00:00Z)","[2023-01-01T00:00:00Z, 2024-01-01T00:00:00Z)",2023-01-01T00:00:00Z,2024-01-01T00:00:00Z,Kyiv,0,1,0,0,0,0,False,complete,
2026-08-15T16:19:38Z,investing,"[2023-01-01T00:00:00Z, 2024-01-01T00:00:00Z)","[2023-01-01T00:00:00Z, 2024-01-01T00:00:00Z)",2023-01-01T00:00:00Z,2024-01-01T00:00:00Z,Kiev,0,1,0,0,0,0,False,complete,
2026-08-15T16:19:39Z,investing,"[2023-01-01T00:00:00Z, 2024-01-01T00:00:00Z)","[2023-01-01T00:00:00Z, 2024-01-01T00:00:00Z)",2023-01-01T00:00:00Z,2024-01-01T00:00:00Z,Moscow,1,1,0,0,0,0,False,complete,
2026-08-15T16:19:40Z,investing,"[2023-01-01T00:00:00Z, 2024-01-01T00:00:00Z)","[2023-01-01T00:00:00Z, 2024-01-01T00:00:00Z)",2023-01-01T00:00:00Z,2024-01-01T00:00:00Z,invasion,20,1,0,0,0,0,False,complete,
2026-08-15T16:19:41Z,investing,"[2023-01-01T00:00:00Z, 2024-01-01T00:00:00Z)","[2023-01-01T00:00:00Z, 2024-01-01T00:00:00Z)",2023-01-01T00:00:00Z,2024-01-01T00:00:00Z,sanctions,17,1,0,0,0,0,False,complete,
2026-08-15T16:20:02Z,investing,"[2023-01-01T00:00:00Z, 2024-01-01T00:00:00Z)","[2023-01-01T00:00:00Z, 2024-01-01T00:00:00Z)",2023-01-01T00:00:00Z,2024-01-01T00:00:00Z,NATO,2,2,1,0,1,0,False,complete,
2026-08-15T16:20:07Z,stocks,"[2023-01-01T00:00:00Z, 2024-01-01T00:00:00Z)","[2023-01-01T00:00:00Z, 2024-01-01T00:00:00Z)",2023-01-01T00:00:00Z,2024-01-01T00:00:00Z,Ukraine,99,1,0,0,0,0,False,complete,
2026-08-15T16:20:10Z,stocks,"[2023-01-01T00:00:00Z, 2024-01-01T00:00:00Z)","[2023-01-01T00:00:00Z, 2024-01-01T00:00:00Z)",2023-01-01T00:00:00Z,2024-01-01T00:00:00Z,Ukrainian,6,1,0,0,0,0,False,complete,
2026-08-15T16:20:15Z,stocks,"[2023-01-01T00:00:00Z, 2024-01-01T00:00:00Z)","[2023-01-01T00:00:00Z, 2024-01-01T00:00:00Z)",2023-01-01T00:00:00Z,2024-01-01T00:00:00Z,Russia,80,1,0,0,0,0,False,complete,
2026-08-15T16:20:19Z,stocks,"[2023-01-01T00:00:00Z, 2024-01-01T00:00:00Z)","[2023-01-01T00:00:00Z, 2024-01-01T00:00:00Z)",2023-01-01T00:00:00Z,2024-01-01T00:00:00Z,Russian,53,1,0,0,0,0,False,complete,
2026-08-15T16:20:22Z,stocks,"[2023-01-01T00:00:00Z, 2024-01-01T00:00:00Z)","[2023-01-01T00:00:00Z, 2024-01-01T00:00:00Z)",2023-01-01T00:00:00Z,2024-01-01T00:00:00Z,Putin,10,1,0,0,0,0,False,complete,
2026-08-15T16:20:25Z,stocks,"[2023-01-01T00:00:00Z, 2024-01-01T00:00:00Z)","[2023-01-01T00:00:00Z, 2024-01-01T00:00:00Z)",2023-01-01T00:00:00Z,2024-01-01T00:00:00Z,Kyiv,1,1,0,0,0,0,False,complete,
2026-08-15T16:20:30Z,stocks,"[2023-01-01T00:00:00Z, 2024-01-01T00:00:00Z)","[2023-01-01T00:00:00Z, 2024-01-01T00:00:00Z)",2023-01-01T00:00:00Z,2024-01-01T00:00:00Z,Kiev,0,2,1,1,0,0,False,complete,
2026-08-15T16:20:33Z,stocks,"[2023-01-01T00:00:00Z, 2024-01-01T00:00:00Z)","[2023-01-01T00:00:00Z, 2024-01-01T00:00:00Z)",2023-01-01T00:00:00Z,2024-01-01T00:00:00Z,Moscow,5,1,0,0,0,0,False,complete,
2026-08-15T16:21:01Z,stocks,"[2023-01-01T00:00:00Z, 2024-01-01T00:00:00Z)","[2023-01-01T00:00:00Z, 2024-01-01T00:00:00Z)",2023-01-01T00:00:00Z,2024-01-01T00:00:00Z,invasion,36,2,1,0,1,0,False,complete,
2026-08-15T16:21:04Z,stocks,"[2023-01-01T00:00:00Z, 2024-01-01T00:00:00Z)","[2023-01-01T00:00:00Z, 2024-01-01T00:00:00Z)",2023-01-01T00:00:00Z,2024-01-01T00:00:00Z,sanctions,23,1,0,0,0,0,False,complete,
2026-08-15T16:21:09Z,stocks,"[2023-01-01T00:00:00Z, 2024-01-01T00:00:00Z)","[2023-01-01T00:00:00Z, 2024-01-01T00:00:00Z)",2023-01-01T00:00:00Z,2024-01-01T00:00:00Z,NATO,8,1,0,0,0,0,False,complete,
2026-08-15T16:21:12Z,StockMarket,"[2023-01-01T00:00:00Z, 2024-01-01T00:00:00Z)","[2023-01-01T00:00:00Z, 2024-01-01T00:00:00Z)",2023-01-01T00:00:00Z,2024-01-01T00:00:00Z,Ukraine,69,1,0,0,0,0,False,complete,
2026-08-15T16:21:16Z,StockMarket,"[2023-01-01T00:00:00Z, 2024-01-01T00:00:00Z)","[2023-01-01T00:00:00Z, 2024-01-01T00:00:00Z)",2023-01-01T00:00:00Z,2024-01-01T00:00:00Z,Ukrainian,15,1,0,0,0,0,False,complete,
2026-08-15T16:21:18Z,StockMarket,"[2023-01-01T00:00:00Z, 2024-01-01T00:00:00Z)","[2023-01-01T00:00:00Z, 2024-01-01T00:00:00Z)",2023-01-01T00:00:00Z,2024-01-01T00:00:00Z,Russia,54,1,0,0,0,0,False,complete,
2026-08-15T16:21:21Z,StockMarket,"[2023-01-01T00:00:00Z, 2024-01-01T00:00:00Z)","[2023-01-01T00:00:00Z, 2024-01-01T00:00:00Z)",2023-01-01T00:00:00Z,2024-01-01T00:00:00Z,Russian,38,1,0,0,0,0,False,complete,
2026-08-15T16:21:24Z,StockMarket,"[2023-01-01T00:00:00Z, 2024-01-01T00:00:00Z)","[2023-01-01T00:00:00Z, 2024-01-01T00:00:00Z)",2023-01-01T00:00:00Z,2024-01-01T00:00:00Z,Putin,16,1,0,0,0,0,False,complete,
2026-08-15T16:21:28Z,StockMarket,"[2023-01-01T00:00:00Z, 2024-01-01T00:00:00Z)","[2023-01-01T00:00:00Z, 2024-01-01T00:00:00Z)",2023-01-01T00:00:00Z,2024-01-01T00:00:00Z,Kyiv,0,1,0,0,0,0,False,complete,
2026-08-15T16:21:30Z,StockMarket,"[2023-01-01T00:00:00Z, 2024-01-01T00:00:00Z)","[2023-01-01T00:00:00Z, 2024-01-01T00:00:00Z)",2023-01-01T00:00:00Z,2024-01-01T00:00:00Z,Kiev,1,1,0,0,0,0,False,complete,
2026-08-15T16:22:01Z,StockMarket,"[2023-01-01T00:00:00Z, 2024-01-01T00:00:00Z)","[2023-01-01T00:00:00Z, 2024-01-01T00:00:00Z)",2023-01-01T00:00:00Z,2024-01-01T00:00:00Z,Moscow,4,2,1,0,1,0,False,complete,
2026-08-15T16:22:04Z,StockMarket,"[2023-01-01T00:00:00Z, 2024-01-01T00:00:00Z)","[2023-01-01T00:00:00Z, 2024-01-01T00:00:00Z)",2023-01-01T00:00:00Z,2024-01-01T00:00:00Z,invasion,16,1,0,0,0,0,False,complete,
2026-08-15T16:22:07Z,StockMarket,"[2023-01-01T00:00:00Z, 2024-01-01T00:00:00Z)","[2023-01-01T00:00:00Z, 2024-01-01T00:00:00Z)",2023-01-01T00:00:00Z,2024-01-01T00:00:00Z,sanctions,19,1,0,0,0,0,False,complete,
2026-08-15T16:22:13Z,StockMarket,"[2023-01-01T00:00:00Z, 2024-01-01T00:00:00Z)","[2023-01-01T00:00:00Z, 2024-01-01T00:00:00Z)",2023-01-01T00:00:00Z,2024-01-01T00:00:00Z,NATO,4,1,0,0,0,0,False,complete,
