section,metric,category,value
pipeline,phase3a_raw_candidates,all,3033
pipeline,phase3b3_relevance_retained,all,1491
pipeline,final_relevance_retained,all,1503
pipeline,increase_from_phase3b3,all,12
pipeline,confidently_non_english_removed,all,0
pipeline,final_finbert_ready_posts,all,1503
final_composition,year,2021,83
final_composition,year,2022,1197
final_composition,year,2023,223
final_composition,subreddit,StockMarket,433
final_composition,subreddit,investing,298
final_composition,subreddit,stocks,772
final_composition,relevance_path,crisis_specific_financial_consequence,21
final_composition,relevance_path,geopolitical_crisis_financial,1456
final_composition,relevance_path,multiple_paths,26
final_composition,body_status,available,1250
final_composition,body_status,blank,69
final_composition,body_status,deleted,19
final_composition,body_status,removed,165
final_composition,language_status,detected_english,1464
final_composition,language_status,uncertain,4
final_composition,language_status,uncertain_short,35
language_validation_sample,language_status,detected_english,129
language_validation_sample,language_status,uncertain,2
language_validation_sample,language_status,uncertain_short,19
quality,earliest_date,all,2021-01-03
quality,latest_date,all,2023-12-29
quality,unique_ids,all,1503
quality,duplicate_ids,all,0
quality,blank_titles,all,0
quality,title_only_observations,all,253
quality,removed_body_retained,all,165
quality,deleted_body_retained,all,19
quality,blank_body_retained,all,69
quality,out_of_period_dates,all,0
quality,unexpected_subreddits,all,0
