difference_type,id
only_in_individual,t3xolq
only_in_individual,t40tlx
only_in_individual,t44pro
only_in_individual,t48df1
only_in_individual,t48qga
only_in_individual,t49gb6
only_in_individual,t4bxxr
only_in_individual,t4es8y
only_in_individual,t4gr2e
only_in_individual,t4iokb
only_in_individual,t4mfgm
only_in_individual,t4o6tu
only_in_individual,t4ors6
only_in_individual,t4paaw
only_in_individual,t4pts2
only_in_individual,t4t09z
only_in_individual,t4vr53
only_in_individual,t4xjxw
only_in_individual,t527of
only_in_individual,t53ubi
only_in_individual,t56l84
only_in_individual,t57hkk
only_in_individual,t58i8p
only_in_individual,t5dvfi
only_in_individual,t5elgi
only_in_individual,t5f2o1
only_in_individual,t5ip1i
only_in_individual,t5p5mq
only_in_individual,t5udts
only_in_individual,t5upmv
only_in_individual,t5wlyc
only_in_individual,t5wvxk
only_in_individual,t5wvxl
only_in_individual,t5x3ao
only_in_individual,t5yofa
only_in_individual,t5z7f8
only_in_individual,t630z0
only_in_individual,t66o0g
only_in_individual,t69s53
only_in_individual,t69u99
only_in_individual,t6ctik
only_in_individual,t6dwi0
only_in_individual,t6ge70
only_in_individual,t6i6l4
only_in_individual,t6jbm3
only_in_individual,t6ko3m
only_in_individual,t6nxag
only_in_individual,t6p4na
only_in_individual,t6q9nm
only_in_individual,t6qay7
only_in_individual,t6tb61
only_in_individual,t6wlxv
only_in_individual,t74wil
only_in_individual,t7674d
only_in_individual,t7b8au
only_in_individual,t7hc25
only_in_individual,t7jk9x
only_in_individual,t7m8dj
only_in_individual,t7zdf0
only_in_individual,t7zia8
only_in_individual,t8atr4
only_in_individual,t8dvdw
only_in_individual,t8ioy8
only_in_individual,t8iq8u
only_in_individual,t8j9zf
only_in_individual,t8jh6p
only_in_individual,t8n8i1
only_in_individual,t8sgdj
only_in_individual,t8sy5m
only_in_individual,t8t75y
only_in_individual,t8taem
only_in_individual,t8wpjf
only_in_individual,t8wq80
only_in_individual,t8wvex
only_in_individual,t90zrj
only_in_individual,t92z27
only_in_individual,t99dty
only_in_individual,t9lotk
only_in_individual,t9lpla
only_in_individual,t9sacw
only_in_individual,t9sxj6
only_in_individual,t9zmfr
only_in_individual,ta4f95
only_in_individual,ta4ivl
only_in_individual,ta5gbo
only_in_individual,ta5vsc
only_in_individual,ta9kde
only_in_individual,taanh1
only_in_individual,tabd45
only_in_individual,tb59y2
only_in_individual,tb7fuh
only_in_individual,tb9fbj
only_in_individual,tbdw7z
only_in_individual,tbe2re
only_in_individual,tbowqv
only_in_individual,tbrqac
only_in_individual,tbsqjl
only_in_individual,tbultu
only_in_individual,tby29w
only_in_individual,tc9bju
only_in_individual,tc9e7v
only_in_individual,tcl07x
only_in_individual,tcp8qh
only_in_individual,tcr6vc
only_in_individual,tdef0c
only_in_individual,tdfol2
only_in_individual,tdq2bx
only_in_individual,tdqu32
only_in_individual,tdzqmr
only_in_individual,te401c
only_in_individual,ten51a
only_in_individual,tenue1
only_in_individual,teoxt4
only_in_individual,teql13
only_in_individual,teuhlf
only_in_individual,tfgdth
only_in_individual,tfgiz0
only_in_individual,tfgoz4
only_in_individual,tfoau5
only_in_individual,tfokk6
only_in_individual,tfzgsh
only_in_individual,tg0bxf
only_in_individual,tg0wzj
only_in_individual,tg1n9l
only_in_individual,tghcat
only_in_individual,tgkqx0
only_in_individual,tgq0i3
only_in_individual,tgtd2m
only_in_individual,th192c
only_in_individual,thea35
only_in_individual,tho8nf
only_in_individual,thxl36
only_in_individual,tiauc1
only_in_individual,tihgzl
only_in_individual,tin7om
only_in_individual,tin9ez
only_in_individual,tinihc
only_in_individual,tiqyyd
only_in_individual,tjg0hp
only_in_individual,tjg116
only_in_individual,tjiynm
only_in_individual,tk4y60
only_in_individual,tk9hfj
only_in_individual,tkd3p6
only_in_individual,tksakv
only_in_individual,tkublq
only_in_individual,tkued5
only_in_individual,tkuyyv
only_in_individual,tlbgnl
only_in_individual,tld5az
only_in_individual,tlfq5r
only_in_individual,tlyi4t
only_in_individual,tlzpsn
only_in_individual,tm0tr5
only_in_individual,tmwiy3
only_in_individual,tnj8sg
only_in_individual,tnpkfr
only_in_individual,tny67j
only_in_individual,torgms
only_in_individual,tozy3h
only_in_individual,tphlmj
only_in_individual,tqgcx7
only_in_individual,tqnibp
only_in_individual,tre9nx
only_in_individual,treopt
only_in_individual,tt2zw2
only_in_individual,tt47q5
