id,date_utc,subreddit,title,selftext,extraction_matched_keywords_original,matched_keywords_recomputed,body_status,title_only,has_direct_ukraine_context,has_russia_context,has_conflict_context,has_financial_context,has_crisis_financial_consequence,relevant_candidate,relevance_path,review_group
kyyso4,2021-01-17,investing,Are there Russian Investor influencers in California?,[removed],Russia|Russian,Russian,removed,True,False,True,False,True,False,False,excluded,Russia_or_Russian
laysgl,2021-02-02,stocks,SNM Due Diligence (analysis & predictions),"I felt it was time for me to gather some thoughts about ShaMaran. Sometimes it feels like you are all alone with owning this stock. And it would be nice to have some discussion about the company, and to hear other investors' views on the stock and the company. Which, in my opinion, is not necessarily the same thing. The company is doing very well, but what about the share? Nothing!! Why?

It is very difficult for me to understand that we are still at these low levels!
When the oil price has recovered to over $50 and stands at $57/brent at the time of writing. We should get up to the levels we had at the end of 2019 and start in 2020!! To begin with…

”So only there is a nice rise for the stock!”

Certainly the oil price was higher then between 60-65$ barrel. 
But then there was also uncertainty surrounding krg's payments, which were not paid between Nov-19 and Feb-20 of $41.7 million. Which we will probably soon see start being paid back. At least if we are to believe in Genel, GKP and Dana Gas who have notified the market of this.

Below I have gathered a few things that make me look bright on the future and that the stock feels interesting to own.


Refund from KGR

That we see  KRG begins repayment of the debt for delivered oil between Nov-19 and Feb-20 of 41.7 million dollars. If we get this money into the bank, it looks very good for the valuation and cash flow!

https://genelenergy.com/wp-content/uploads/2020/09/Genel-Resumption-of-override-payments-FINAL-11.12.20.pdf 

https://www.danagas.com/media/press-releases#sec-5986 

https://polaris.brighterir.com/public/gulf_keystone_petroleum/news/rns/story/w6qe47r  

Why doesn't SNM do the same? And why don't they answer the question of refunds and give feedback to the market when I ask them? Is this in Taqa or what is it that is taking so long? Here I see the closest trigger for the stock! So it's very frustrating that they don't communicate this course-driven information to the market! 

I think they can be much better at communicating to the market, what the stock needs are new buyers and higher turnover to attract interest from larger investors. Which is an absolute prerequisite for an higher valuation of the company. Here, the company management needs to become much more active in its actions regarding marketing the company. Why don't they do more to be seen?






Increase in Company Gross 2P Reserves

We should expect an update before February is over. There can certainly be positive surprises here. What is interesting is our reserves in relation to our production and what has been communicated around development plans for the field. I can't make up the math here. www.shamaranpetroleum.com/site/assets/files/5222/corporate_presentation_-_dec_2020.pdfPage 2 108.5 million barrels 2P/C It produces today according to page 4. An average of 46,300 barrels per day with an ambition to raise these significantly. To 80 000-100 000 a day!108 500 000 / 46300 = 2344 / 365 = 6.5 So in about 6.5 years, you're out of oil? No, I don't think so. More oil will be transferred to 2P/C but the question is how much and when it will happen? 

How much oil is there in Atrush? I believe in a lot of oil...



KRG and Baghdad
Will we finally see a solution between KRG and Baghdad on the budget? And what will it mean for IOCs operating in KRG if SOMO receives 250 bpd, will Baghdad see the contracts as legal? And how will investors view the companies operating in Kurdistan? Does some of the risk disappear? And the companies get a completely different valuation? 

www.rudaw.net/english/kurdistan/29122020-amp 

www.forbes.com/sites/debtwire/2021/01/04/iraqi-and-kurdistan-budget-hangs-in-the-balance/amp/  


Sarsang and Total

Very exciting things are happening in the neighboring block, Sarsang, where Total is possibly on its way to sell its share of 18%. According to Bloomberg, Total believes it can get up to $ 500 million for its part. And if they get close to that price, that would be very positive, for the valuation of nearby Atrush! And who could be the buyer? I think that the Russian companies in particular is strengthening its presence in the area. But time will tell. 

www.bloomberg.com/news/articles/2020-12-04/total-said-to-be-in-talks-to-sell-stake-in-kurdistan-oil-field   


Plan for expansion

It will be very interesting to see if there are any decisions, about expanding the field to 80-100bopd. This was to be decided on, in 2020 but was put on hold when Covid-19 became a fact and the oil price crashed. But now it's time I think to make a decision on the issue regarding the future expansion of the field. 

Page 3. www.shamaranpetroleum.com/site/assets/files/5158/2019-12-snm-cp.pdf 

Here I see the greatest potential for an upgrade of the company. Here, future company value and future belief regarding Atrush's ability to be the company's basis for stability and sole asset are determined. I would like to see the use of cash flow to acquire new assets. And that the company can grow further with higher share prices as a result! 





”Installation of Second Trainat Early Production Facility""

I think it is very interesting to look back at information that the company has given before. To create an image of where they are today or in the near future. If you look at the presentation from August. 

Page 8 www.shamaranpetroleum.com/site/assets/files/5196/corporate_presentation-shamaran-rev10.pdf 

So it will be very interesting regarding the opportunity to see an increase of production in the very near future. Wonder how far the company has come?

”Installation of Second Trainat Early Production Facility. Second productiontrain (EPF.T2) brings current Atrush processing capacity in line with well capacity circa 58Mbopd.” 

Is it already installed and they can easily screw up prod 10,000 barrels / day? There is a lot that justifies this, among other things, if you get the debt back from Nov-Feb faster. That calculation becomes much more appealing if you count on 55$ barrels/brent, which we are a bit over now at the time of writing, and a production of 58,000 barrels / day. I do not see it as completely unlikely that in the foreseeable future we will hear from the company that they will increase production to these levels. This is, after all, information from August and it is quite reasonable that we are there today.


Conditions for earning. As everyone knows, the price of oil is very important. And here I think we will see a surprisingly large re-inhibition of the prize in 2021. What happens to the oil price is always uncertain as it can change overnight both up and down. But there is much to suggest a strong recovery in demand. And this, at the same time as investment in the sector has been declining for several years. This could be a perfect storm for oil prices if supply cannot meet demand. Shamaran produces at a very low cost and here there is an incredible leverage with a higher oil price.
www.macrovoices.com/guest-content/list-guest-publications/4009-art-berman-macrovoices-jan-7-2021/file
And for every dollar that the oil price increases by, the higher the earnings for snm. Here I think the market will change attitudes towards oil stocks overall in line with a higher oil price.



The bond 

https://www.shamaranpetroleum.com/news/shamaran-proposal-to-bondholders-approved-122758/ 


We'll see what happens there. But I think we'll be surprised. With Lundin you can never know. ""expect the unexpected"" When i add up everything. ShaMaran has never looked more interesting. And had so many triggers for the stock lined up in the near future. Now there is only one direction for the stock and it is up.",Russia|Russian,Russian,available,False,False,True,False,True,False,False,excluded,Russia_or_Russian
mwomf5,2021-04-23,StockMarket,DD on fast growing fintech - KSPI.IL (one of ARKF's stock picks),"I’d like to share DD on [Kaspi.kz](https://kaspi.kz/) ([KSPI.IL](https://kspi.il/)), the largest Payments, Marketplace and Fintech Ecosystem in Kazakhstan with a leading market share in each of its key services and products. At the core of its Ecosystem is the [Kaspi.kz](https://kaspi.kz/) Super App, the leading mobile app in the country with 4.9 million DAU (up 155% YoY) and 9.1 million MAU (up 59% YoY), which is roughly half of the country population. The app serves as a single gateway to all of the Company’s services and is an integral part of people’s daily lives in Kazakhstan. As people’s lives become increasingly digitalized [Kaspi.kz](https://kaspi.kz/) expects the usage of its Super App to grow, with the COVID-19 pandemic accelerating consumer adoption of cashless payments, e-Commerce and digital financial services. [Kaspi.kz](https://kaspi.kz/) is built around an ecosystem business model, where the growth and development of one service contributes to the growth and development of other services, creating a powerful virtuous cycle. A growing number of services being used by the Company’s consumers results in synergies across all of its Platforms, structurally high profitability and creates a powerful self-reinforcing network effect, giving the Company strong competitive advantages.

According to the recent Full-Year 20202 Financial Results, total revenue reached KZT641,437 M (\~$1.5B), equivalent to adj. 25.5% YoY growth; and net income reached KZT274,318 M (\~$0.65B), equivalent to net income 42.8% margin and 43.2% YoY growth.

**The** [**Kaspi.kz**](https://kaspi.kz/) **Ecosystem currently comprises the following three market leading Platforms:**

• Payments Platform connects customers, which consist of both consumers and merchants, to facilitate cashless, digital payment transactions. The Company offers its customers a technology platform to both pay and receive payments for goods and services, as well as to transfer and withdraw money. Consumers can transact with merchants and amongst themselves using a variety of services, including the [Kaspi.kz](https://kaspi.kz/) Super App, a Kaspi Gold pre-paid debit card and/or any bank card or e-Wallet.

In 2020, [Kaspi.kz](https://kaspi.kz/)’s proprietary payment network transactions accounted for 66% of total payment network transactions in Kazakhstan, while other payment networks, including Visa and Mastercard, had an aggregate share of 34% of the total payment network transactions in the country. With close ties to Kazakhstan’s government, [Kaspi.kz](https://kaspi.kz/) has also emerged as the country’s unofficial national online bank for paying taxes and fines, assuming a role that would otherwise be filled by the civil service or a government department, and further driving new user growth across the country.

• Marketplace Platform connects merchants and consumers, enabling merchants to increase their sales and enabling consumers to buy a broad selection of products and services from a variety of online and offline merchants. The Company helps merchants increase their sales by linking them to its technology, payment options, including buy-now-pay-later consumer finance products, fulfilment, marketing and branding services.

[Kaspi.kz](https://kaspi.kz/) was the largest online retailer in Kazakhstan by sales value in 2020, with an e-Commerce gross merchandise value (“GMV”) share corresponding to 46% of the market.

• Fintech Platform enables consumers to access, primarily through [Kaspi.kz](https://kaspi.kz/) Super App, the Company’s digital finance products, including consumer finance and deposits. [Kaspi.kz](https://kaspi.kz/)’s buy-now-pay-later consumer finance products are also strategically integrated with its Marketplace Platform, which means that consumers are able to make a purchase seamlessly with financing and then pay over time in monthly instalments.

In 2020 the Company enjoyed the largest market share of Consumer Loans in Kazakhstan, amounting to 32%.

[**Kaspi.kz**](https://kaspi.kz/)**’s Future**

• [Kaspi.kz](https://kaspi.kz/) Travel. In 2020, [Kaspi.kz](https://kaspi.kz/) acquires Santufei and launches online travel platform. Users can now purchase domestic and international flights from over 700 airlines through the app. Over time [Kaspi.kz](https://kaspi.kz/) plans to expand into ground transportation, hotels and package holidays.

• Speed and Risk Management. Credit decisions made in only 10 secs, and time to money 15 mins based on machine learning driven real-time decision making based on historic online data collected by [Kaspi.kz](https://kaspi.kz/) and data purchased from third parties. The second type focuses on the client’s activity immediately preceding the application with the aim of assessing intent to buy. What client did on their phone one minute ago tells you a lot. These checks significantly reduced the risk of fraud. ATM network has face-recognition technology to detect fraudulent activity on the spot. Customers who entered their national identity number or displayed the QR code to the ATM could make any transaction without a plastic card.

• Growth via the Merchant Segment. The merchant network gave [Kaspi.kz](https://kaspi.kz/) another avenue for expansion. The company had daily contact with merchants, both online and offline. Around one third of all merchants’ sales were realized through its marketplace. It could easily provide services to its merchant base including payment services and capital financing tools. Capitalizing on its advanced analytical tools, the company was also able to provide merchants access to sophisticated marketing tools that they could not afford on their own.

• Geographic Expansion. Central Asia and the Caucasus was a natural expansion area for [Kaspi.kz](https://kaspi.kz/). Russian was spoken throughout the region, and they shared a common culture. Mr. Lomtadze estimated that establishing a presence in any country in the region would take no more than 12 months because [Kaspi.kz](https://kaspi.kz/) had a natural advantage: almost everything it offered was online in its mobile app, so they were able to enter the market with a marketplace or payments platform, which required no investment in physical outlets, posed no credit risks, and was not heavily regulated like financial services. Banks, on the other hand, would normally enter a market with loans, and they needed branches. Payments were also a tool for collecting customer data that then could be used for generating a credit rating for consumer financing decisions. “Our mobile app is like Uber,” Lomtadze declared. “Uber can scale around the world because of its simple onboarding process. In today's world, you don’t really need to own a fleet of cars to provide taxi services. By the same token, you don't have to have a showroom and a warehouse full of TVs to sell televisions. You can basically organize everything through technology and sell items via your mobile app.”

o Azerbaijan was the first target. In the beginning of 2018, [Kaspi.kz](https://kaspi.kz/) was eyeing a potential acquisition target in the country that owned three leading online marketplaces for—new and used items, cars, and real estate. Out of its 10 million citizens, almost half live in the capital city. That’s great for fulfillment. An acquisition here would expand target market from 18 to 28 million overnight.

o For the same reasons Uzbekistan and Georgia attractive markets as well.

• In terms of existing models, Alibaba is closest to [Kaspi.kz](https://kaspi.kz/) in terms of the range of products it offers and its multiple contact points with customers. The company, in addition to its mobile app, captured customers in its outlets, ATMs, merchant shops, and retailers’ points of sale. [Kaspi.kz](https://kaspi.kz/) had also been generating net profit for over a decade. Its net profitability was 43%, over seven times more than Amazon’s and about three times greater than that of PayPal.

Baring Vostok, a private equity fund and a majority stake holder, had a long holding period; and recent IPO and subsequent lockup period would allow it to commence a formal exit. The subsequent lockup period ends on April 18th, 2021.

Latest company's reports can be found here: [https://ir.kaspi.kz/financial-information/](https://ir.kaspi.kz/financial-information/)

Not financial advice.",Russia|Russian,Russian,available,False,False,True,False,True,False,False,excluded,Russia_or_Russian
nnqb9y,2021-05-29,StockMarket,Velodyne Lidar $VLDR stock overview and the analysts' forecasted price (autonomous vehicles stock),"As we know innovation drives growth and growth drives profits. Here's an innovative technology company that the stock market analysts consider a good investment for at least the next 12 months.

Velodyne Lidar Inc provides smart, powerful lidar solutions for autonomous vehicles, driver assistance, delivery solutions, robotics, navigation, mapping, and more. Lidar, which stands for “light detection and ranging”, is a technological method used to measure the distance of an object on the earth's surface. This technology is being used in the development of autonomous vehicles (AV). Velodyne is a leader in intellectual property for lidar technologies, with a vast portfolio of patents and more being added all the time. Velodyne's current market cap is $1.83 billion.

Velodyne stock has declined more than 40% year-to-date, due to the general market movement since late February and also due to some corporate governance-related issues. However, there have been some positive developments in the company in recent weeks. Earlier this month, Velodyne signed a multi-year agreement with a Russian company AGM Systems, which integrates laser equipment for mobile and air applications. Velodyne also appears to be aiming for the mass market with new sensors that are cheap enough. The company recently unveiled a new sensor called H800, which can see up to 200 meters and can apparently be mass-produced for as little as $500.

Analysts at Bank of America think that Velodyne is lagging behind their competitor in lidar space, Luminar, in multi-year contracts for automotive/ADAS/AV series production. Velodyne's growing contracts are in areas outside of the auto space, which concerns the firm.

In their Q1 2021 earnings report, Velodyne managed to beat revenue estimates but fell short on reported earnings per share. They reported adjusted earnings per share of -$0.14, which is less than the analysts' consensus estimate of -$0.12. They reported revenue of $17.7 million beating the analysts' expectations of $14.9 million. Velodyne had $350.3 million in cash and short-term investments on its balance sheet at the end of 2020, during this quarter they have increased the said amount to $383.6 million. Velodyne had 29 total active multi-year agreements as of May 1 and expects the number will reach 34 by the end of 2021.

Analysts from Goldman Sachs target a price of $13.00 per share in the next 12 months with a BUY position. Moreover, analysts at Citigroup also have a BUY position for VLDR with a price target as high as $31.00 per share. Out of 8 analysts, 4 have given it a BUY rating, 3 a HOLD rating, and 1 a SELL rating. The stock sits at $9.65 per share at the moment, which is below the IPO price. Based on analysts' ratings, the forecasted average price of Velodyne's stock in the next 12 months is $20.33, meaning the analysts expect this stock to double in this period of time. The lowest expected price for the stock is $13 while the highest predicted price is $32.

\*This is not financial advice, you should always perform your own due diligence before making any investment decisions.",Russia|Russian,Russian,available,False,False,True,False,True,False,False,excluded,Russia_or_Russian
ouykv9,2021-07-31,stocks,"Wall Street Week Ahead for the trading week beginning August 2nd, 2021","Good Friday evening to all of you here on r/stocks. I hope everyone on this sub made out pretty nicely in the market this past week, and is ready for the new trading week & month ahead.

Here is everything you need to know to get you ready for the trading week beginning August 2nd, 2021.

# **July jobs report could be what gives the market its next big jolt in the week ahead - [(Source)](https://www.cnbc.com/2021/07/30/july-jobs-report-could-be-what-gives-the-market-its-next-big-jolt-in-the-week-ahead.html)**
*****
> Friday’s jobs report could be a catalyst that helps determine whether markets are volatile or will trade like it’s the quiet dog days of August.
*****
> More than a quarter of the S&P 500 report earnings in the coming week. The calendar includes companies in sectors such as consumer staples, insurance, pharma, travel and media. From Booking Holdings to ViacomCBS, Wayfair and Kellogg, investors will be watching to see what companies say about reopening activity, supply chain disruptions and rising costs.
*****
> “I think as much as 85% of the companies which are reporting earnings mentioned inflation on their earnings calls,” Franklin Templeton Fixed Income chief investment officer Sonal Desai said. “Inflation may not be a problem to policymakers and financial markets, which seem not to be concerned at all. It does seem to bother the people who have to buy stuff or people who produce stuff.”
*****
> # The jobs factor
> The Federal Reserve has said the sharp jump in inflation is just temporary, and many investors appear to be taking it in stride for now. The market is intensely focused on the central bank’s other mandate: the labor market. Fed Chairman Jerome Powell said Wednesday he would like to see strong jobs reports before winding down the central bank’s $120 billion a month bond-buying program.
*****
> The U.S. Bureau of Labor Statistics will release the July employment report on the morning of Friday, Aug. 6. It’s expected to show 788,000 nonfarm payrolls, down from 850,000 in June, according to Dow Jones. The unemployment rate is expected to dip to 5.7% from 5.9%. Average hourly wages are expected to rise 3.9% year over year.
*****
> Ironsides Macroeconomics director of research Barry Knapp said he expects the next two monthly jobs reports will be strong, and the Fed should then be ready to announce in September that it is ready to start the slow unwind of its bond purchasing program.
*****
> That is an important step since it would be the first real move away from the central bank’s easy policies that were put in place in the pandemic. It would also mean the Fed would be open to raising interest rates once the tapering is completed.
*****
> # Game changer for markets
> “Friday could be a game changer,” Knapp said of the employment report. Before that, he expects stocks to trade in a narrow range.
*****
> If the number of jobs added in July is much higher than expected, at more than 1 million, Knapp said the market could immediately sell off on the idea the Fed would be ready to pare back its bond purchases.
*****
> If the number is weaker than expected, the market could rally. “We are in a dead period after earnings, with concerns about the pace of the reopening. It’s still a bit of a question mark. The bias would be higher after a weak number. ... Bad is good. Good is bad,” said Knapp.
*****
> Like some other strategists, he expects to see a stock market correction, possibly later this summer.
*****
> “I’m in the camp where I think we’re going to have our first major correction.” Knapp said. “What we’re likely to get is at least 10% or more. ... It could really happen when they [Fed officials] make the announcement in September.”
*****
> Wilmington Trust chief economist Luke Tilley said he expects just 350,000 jobs, based on the high frequency data he watches.
*****
> “We think the run rate is about 500,000 jobs. Last month seems a little bit overcooked,” he said.
*****
> # Reflation trade
> The S&P 500 was down 0.4% in the past week, finishing at 4,395, while the Nasdaq lost even more , down 1.1% at 14,672.
*****
> Cyclical stocks were among the best performers. Materials jumped 2.8% in the week, and energy shares were up 1.6%. Financials gained 0.7%. But tech fell 0.7%.
*****
> Knapp said it now makes sense to hold stocks that are in the reflation trade, such as energy, industrials or materials.
*****
> The surge in the delta variant of the coronavirus has become a worry among investors and has been a factor holding down interest rates. The 10-year yield, which moves opposite price, has held at low levels and was at 1.23% on Friday, amid concern that the delta variant of the coronavirus could slow growth.
*****
> Investors will be watching other important data in the coming week, including the Institute for Supply Management’s manufacturing data Monday, and jobless claims and trade data Thursday.
*****
> # The China trade
China was also a dominant market story in the past week and could continue to be. Hong Kong’s Hang Seng Index fell 5% for the week. Chinese regulators continued their crackdown on internet companies, publicly traded education companies and other industries.
*****
> Strategists say Beijing is trying to reclaim its biggest companies as its own and turn them away from listings in foreign markets. Officials were particularly upset with Didi Global which reportedly went public even after being warned not to by Beijing.
*****
> Chinese regulators reportedly spoke with international banks after their actions sparked a wave of selling in internet stocks and the broader Chinese stock market. The regulators said companies could continue to go public in the U.S. if they met listing requirements.
*****
> “We will continue to see regulators try to calm the waters. I would say this was a communications misstep,” said Franklin Templeton’s Desai. “You don’t have massive swings without having negative impact.” She added it sent ripples through emerging markets.
*****
> “This is China trying to gain control, and they tried to do it in a very heavy way, and they were surprised at the backlash,” Desai said.
*****
> The KraneShares CSI China Internet ETF has lost about half its value from its peak in February, and was down another 2.6% Friday.
*****
> Internet retailer Alibaba is one of the ETF’s top holdings. The company is expected to announce earnings on Tuesday.
*****

# **This past week saw the following moves in the S&P:**
###### **([CLICK HERE FOR THE FULL S&P TREE MAP FOR THE PAST WEEK!](https://i.imgur.com/eQ4pMub.png))**

# **S&P Sectors for this past week:**
###### **([CLICK HERE FOR THE S&P SECTORS FOR THE PAST WEEK!](https://i.imgur.com/vhlrMce.png))**

# **Major Indices for this past week:**
###### **([CLICK HERE FOR THE MAJOR INDICES FOR THE PAST WEEK!](https://i.imgur.com/RRSF7cS.png))**

# **Major Futures Markets as of Friday's close:**
###### **([CLICK HERE FOR THE MAJOR FUTURES INDICES AS OF FRIDAY!](https://i.imgur.com/hTKiEb3.png))**

# **Economic Calendar for the Week Ahead:**
###### **([CLICK HERE FOR THE FULL ECONOMIC CALENDAR FOR THE WEEK AHEAD!](https://i.imgur.com/YrCuf8W.png))**

# **Percentage Changes for the Major Indices, WTD, MTD, QTD, YTD as of Friday's close:**
###### **([CLICK HERE FOR THE CHART!](https://i.imgur.com/fZKzJfU.png))**

# **S&P Sectors for the Past Week:**
###### **([CLICK HERE FOR THE CHART!](https://i.imgur.com/59nY5gO.png))**

# **Major Indices Pullback/Correction Levels as of Friday's close:**
###### **([CLICK HERE FOR THE CHART!](https://i.imgur.com/flIRmSl.png))**

# **Major Indices Rally Levels as of Friday's close:**
###### **([CLICK HERE FOR THE CHART!](https://i.imgur.com/ZpaVwYn.png))**

# **Most Anticipated Earnings Releases for this week:**
###### **([CLICK HERE FOR THE CHART!](https://i.imgur.com/GB7yn3W.png))**

# **Here are the upcoming IPO's for this week:**
###### **([CLICK HERE FOR THE CHART!](https://i.imgur.com/5r4Hlqm.png))**

# **Friday's Stock Analyst Upgrades & Downgrades:**
###### **([CLICK HERE FOR THE CHART LINK #1!](https://i.imgur.com/L68F4GF.png))**
###### **([CLICK HERE FOR THE CHART LINK #2!](https://i.imgur.com/VocjXSz.png))**
###### **([CLICK HERE FOR THE CHART LINK #3!](https://i.imgur.com/oDsO8vO.png))**

*****

> # August has been a dangerous month for the market

> August is the worst DJIA, S&P 500, Russell 1000 and Russell 2000 month over the last 33 years, 1988-2020 with average declines ranging from 0.4% by Russell 2000 to 0.8% by DJIA. For NASDAQ August ranks second worst over the same period with an average gain of 0.2%.

> Contributing to this poor performance since 1987; the second shortest bear market in history (45 days) caused by turmoil in Russia, the Asian currency crisis and the Long-Term Capital Management hedge fund debacle ending August 31, 1998 with the DJIA shedding 6.4% that day. DJIA dropped a record 1344.22 points for the month, off 15.1%—which is the second worst monthly percentage DJIA loss since 1950. Saddam Hussein triggered a 10.0% slide in August 1990. Sizeable losses in 2010, 2011, 2013 and 2015 of over 4% on DJIA have widened Augusts’ average decline.

> In post-election years, Augusts’ rankings are little changed. August is the worst month for DJIA and Russell 1000 and second worst for S&P 500, NASDAQ and Russell 2000. Average declines in post-election year Augusts swell to 0.8% by Russell 2000 to 1.7% by DJIA. Each index has also seen more declining post-election year Augusts than positive.

> ###### **([CLICK HERE FOR THE CHART!](https://64.media.tumblr.com/78fd9b0e8110b9d2e779ce650c18cd79/3293cb0a1c43f61d-02/s400x600/92f8c448cdafe2c1f033ccdad8bd7b3461f26a66.jpg))**

*****

> # Modern 4-Year Cycle Theory Approaching Near Term High

> ###### **([CLICK HERE FOR THE CHART!](https://64.media.tumblr.com/e7c3175df9fa85b593af70440d79c62f/b5c96d0e540e1659-24/s500x750/5c976a9f3f233c0795ead0a363cd399469eab8e2.jpg))**

> Despite the recent uptick in volatility and today’s drop the S&P 500% is up 17.2% year-to-date. This is right in line with our 2021 Annual Forecast best case scenario made last December. Our updated outlook is for S&P 500 to finish the year in the 4300-4500 range or even higher.

> However, as you can see in the chart of the Modern 4-Year Presidential Election Cycle we are due for a pause over the next couple of months before the rally resumes in the September/October timeframe. This illustration of the average 4-year cycle uses the S&P 500 back to 1949, which is the first full cycle post-WWII vs. other comparisons that use the Dow back 125 years to 1896.

> We feel the more recent dataset is a better representation of the modern cycle where post-election years have been better and election years weaker – impacted by the undecided election in 2000 and the financial crisis of 2008. Midterm years are still lackluster with propensity for the significant bottoms and pre-election years are still the tops.

> This creates the sweet spot of the 4-year cycle from Q4 in the midterm year through Q2 in the pre-election year. From the midterm low to the pre-election year high DJIA averages a 45% gain since 1950 and NASDAQ averages a 70% gain since 1974.

*****

> # Neutral Sentiment Surge Continues

> The AAII's weekly sentiment survey saw an equal percentage (30.6%) of respondents report as bullish and bearish last week. This week saw a much more optimistic pivot as 36.2% of respondents reported bullish sentiment. While higher, bullish sentiment is still at one of the lowest levels since last fall. At 36.2%, bullish sentiment is also now just below the historical average of 38%. While the AAII reading on bullish sentiment was higher but still muted, the Investors Intelligence survey of newsletter writers showed bullish sentiment fall 8.1 percentage points to 53.1%. While that is not a particularly low reading (the lowest since only the end of May), it was the largest one week decline since October 2019. In other words, bullish sentiment is not necessarily collapsing, but it has lost some footing.

> ###### **([CLICK HERE FOR THE CHART!](https://media.bespokepremium.com/uploads/2021/07/072921-AAII-Bull.png))**

> With more bulls in the AAII survey, fewer respondents reported bearish sentiment. In fact, less than a quarter of investors reported bearish sentiment this week. That is down 6.5 percentage points from the prior week; the largest one-week decline since a 6.6 percentage point decline in the first week of June.

> ###### **([CLICK HERE FOR THE CHART!](https://media.bespokepremium.com/uploads/2021/07/072921-AAII-Bear.png))**

> The inverse moves in bullish and bearish sentiment resulted in the bull-bear spread to rise 12.1 points. While off the lows, it is still not as strong of a reading as has been seen for most of this year. In fact, the current reading is 5.5 points below the average since the start of the year.

> ###### **([CLICK HERE FOR THE CHART!](https://media.bespokepremium.com/uploads/2021/07/072921-AAII-Spread.png))**

> The most impressive sentiment reading this week was neutral sentiment. Over the past four weeks, neutral sentiment has risen 10.5 percentage points without a single decline in that time. That is the biggest four-week rise since mid-May when it had risen 14.9 percentage points. Now as the predominant sentiment with just below 40% of respondents reporting as such, neutral sentiment is at the highest level since the first week of 2020 when this reading was 1.2 percentage points higher.

> ###### **([CLICK HERE FOR THE CHART!](https://media.bespokepremium.com/uploads/2021/07/072921-AAII-Neutral.png))**

*****

> # Services Consumption Lifts GDP Growth

> Lofty expectations for second quarter gross domestic product (GDP) growth were left somewhat wanting as a decent headline number fell short of expectations. Peering under the hood, though, we think this is still a fairly solid report.

> The Bureau of Economic Analysis released its preliminary estimate for second quarter GDP this morning, showing the U.S. economy grew at a 6.5% annualized pace against the Bloomberg median forecast for 8.4%. While this represented a small acceleration from the first quarter’s 6.3% pace, investors viewed the headline number as a mild disappointment in light of the heightened expectations. The composition of the growth, though, largely reinforces the prevailing narratives of a strong consumer juxtaposed with supply chain bottlenecks, restricting growth.

> “The positive takeaway from today’s report is that we are clearly seeing a rebound in the in-person consumption of services,” said LPL Financial Chief Investment Strategist Ryan Detrick. “This indicates a confidence by consumers to reengage with the parts of the economy beaten down most by COVID, and continued momentum here will be key if we are to see the consumer continue to power overall growth.”

> As seen in the LPL Chart of the day, the US consumer continued to do the heavy lifting, offsetting weakness in most other major GDP components.

> ###### **([CLICK HERE FOR THE CHART!](https://i0.wp.com/lplresearch.com/wp-content/uploads/2021/07/7.29.21-Blog-1-Chart-1.png?ssl=1))**

> Business fixed investment came in strong and demonstrated business’ attempts to ramp up output to meet surging demand. Residential investment had a more predictable decline, as well-documented labor shortages and high materials costs are restricting new projects. The volatile inventory components, though, did represent a drag.

> Looking forward, we expect continued growth in the third quarter but with a different composition. Consumer spending should still be respectable, but likely will recede a bit due to the fading impact of past government transfer payments. New momentum in services as in-person commerce picks up should continue under the hood. Picking up the slack; though, business investment should continue to recover, and net exports may improve as the rest of the world plays catch-up to the U.S. in their recoveries, consuming more of our goods and services. Government spending and inventories also both have favorable outlooks.

> The Delta variant of COVID-19 presents a risk to the outlook, but we see strong reason to remain optimistic. The U.S. is lagging the U.K. in its exposure to the Delta variant, and if we model our trajectory after theirs, which obviously is an imperfect comparison, we expect to see a peak in cases in the coming weeks. In fact, the U.K. is already on a strong path to recovery despite doomsday headlines. Domestically, COVID-19 cases are spiking in areas with the lowest vaccination rates. But, there is evidence that these are also the states experiencing the highest uptick in new vaccinations, which should help self-correct the trends. Positivity rates can be thought of as the fastest-twitch indicator, with hospitalization trends following in the ensuing weeks. Through that lens we see that some of the hardest hit states may have already seen their positivity rates peak.

> We upgraded our 2021 forecast for U.S. real GDP growth earlier this year from 5–5.5% to 6.25–6.75%, and while there are sure to be bumps along the way, we expect to see the economy continue growing at a strong pace as activity further normalizes over the course of the year.

*****

Here are the most notable companies (tickers) reporting earnings in this upcoming trading week ahead-

*****

> * (**T.B.A. THIS WEEKEND.**)

*****

###### **([CLICK HERE FOR NEXT WEEK'S MOST NOTABLE EARNINGS RELEASES!](https://i.imgur.com/GB7yn3W.png))**
###### **([CLICK HERE FOR NEXT WEEK'S HIGHEST VOLATILITY EARNINGS RELEASES!](https://i.imgur.com/TQmsBSu.png))**
###### **([CLICK HERE FOR THE MOST ANTICIPATED EARNINGS RELEASES FOR THE NEXT 2 WEEKS!](https://i.imgur.com/Gzq3pvf.jpg))**
###### **([CLICK HERE FOR THE MOST ANTICIPATED EARNINGS RELEASES BEFORE MONDAY'S MARKET OPEN!](https://i.imgur.com/6Fs8mPV.jpg))**


*****

Below are some of the notable companies coming out with earnings releases this upcoming trading week ahead which includes the date/time of release & consensus estimates courtesy of Earnings Whispers:

*****

> # ***Monday 8.2.21 Before Market Open:***
> ###### ([CLICK HERE FOR MONDAY'S PRE-MARKET EARNINGS TIME & ESTIMATES!](https://i.imgur.com/ZWp8OaE.png))

> # ***Monday 8.2.21 After Market Close:*** 
> ###### ([CLICK HERE FOR MONDAY'S AFTER-MARKET EARNINGS TIME & ESTIMATES LINK #1!](https://i.imgur.com/ohdyr9p.png))
> ###### ([CLICK HERE FOR MONDAY'S AFTER-MARKET EARNINGS TIME & ESTIMATES LINK #2!](https://i.imgur.com/slHJD4Q.png))

*****

> # ***Tuesday  8.3.21 Before Market Open:***
> ###### ([CLICK HERE FOR TUESDAY'S PRE-MARKET EARNINGS TIME & ESTIMATES LINK #1!](https://i.imgur.com/1zkKsVE.png))
> ###### ([CLICK HERE FOR TUESDAY'S PRE-MARKET EARNINGS TIME & ESTIMATES LINK #2!](https://i.imgur.com/WAATOMk.png))
> ###### ([CLICK HERE FOR TUESDAY'S PRE-MARKET EARNINGS TIME & ESTIMATES LINK #3!](https://i.imgur.com/xh7l5Zv.png))

> # ***Tuesday 8.3.21 After Market Close:*** 
> ###### ([CLICK HERE FOR TUESDAY'S AFTER-MARKET EARNINGS TIME & ESTIMATES LINK #1!](https://i.imgur.com/e0sMEnG.png))
> ###### ([CLICK HERE FOR TUESDAY'S AFTER-MARKET EARNINGS TIME & ESTIMATES LINK #2!](https://i.imgur.com/2IwGNKM.png))
> ###### ([CLICK HERE FOR TUESDAY'S AFTER-MARKET EARNINGS TIME & ESTIMATES LINK #3!](https://i.imgur.com/cW7zxea.png))

*****

> # ***Wednesday 8.4.21 Before Market Open:*** 
> ###### ([CLICK HERE FOR WEDNESDAY'S PRE-MARKET EARNINGS TIME & ESTIMATES LINK #1!](https://i.imgur.com/jqS9aXG.png))
> ###### ([CLICK HERE FOR WEDNESDAY'S PRE-MARKET EARNINGS TIME & ESTIMATES LINK #2!](https://i.imgur.com/Rp9cJXU.png))

> # ***Wednesday 8.4.21 After Market Close:*** 
> ###### ([CLICK HERE FOR WEDNESDAY'S AFTER-MARKET EARNINGS TIME & ESTIMATES LINK #1!](https://i.imgur.com/tgLqTTK.png))
> ###### ([CLICK HERE FOR WEDNESDAY'S AFTER-MARKET EARNINGS TIME & ESTIMATES LINK #2!](https://i.imgur.com/ZBTMpeg.png))
> ###### ([CLICK HERE FOR WEDNESDAY'S AFTER-MARKET EARNINGS TIME & ESTIMATES LINK #3!](https://i.imgur.com/mt44H8d.png))
> ###### ([CLICK HERE FOR WEDNESDAY'S AFTER-MARKET EARNINGS TIME & ESTIMATES LINK #4!](https://i.imgur.com/NzzJziN.png))

*****

> # ***Thursday 8.5.21 Before Market Open:*** 
> ###### ([CLICK HERE FOR THURSDAY'S PRE-MARKET EARNINGS TIME & ESTIMATES LINK #1!](https://i.imgur.com/FFtYdqW.png))
> ###### ([CLICK HERE FOR THURSDAY'S PRE-MARKET EARNINGS TIME & ESTIMATES LINK #2!](https://i.imgur.com/TIbnFLG.png))
> ###### ([CLICK HERE FOR THURSDAY'S PRE-MARKET EARNINGS TIME & ESTIMATES LINK #3!](https://i.imgur.com/y2pICGr.png))
> ###### ([CLICK HERE FOR THURSDAY'S PRE-MARKET EARNINGS TIME & ESTIMATES LINK #4!](https://i.imgur.com/niaft8M.png))

> # ***Thursday 8.5.21 After Market Close:*** 
> ###### ([CLICK HERE FOR THURSDAY'S AFTER-MARKET EARNINGS TIME & ESTIMATES LINK #1!](https://i.imgur.com/HzDehyM.png))
> ###### ([CLICK HERE FOR THURSDAY'S AFTER-MARKET EARNINGS TIME & ESTIMATES LINK #2!](https://i.imgur.com/IP92TD5.png))
> ###### ([CLICK HERE FOR THURSDAY'S AFTER-MARKET EARNINGS TIME & ESTIMATES LINK #3!](https://i.imgur.com/jtvNw70.png))
> ###### ([CLICK HERE FOR THURSDAY'S AFTER-MARKET EARNINGS TIME & ESTIMATES LINK #4!](https://i.imgur.com/9z7EDva.png))
> ###### ([CLICK HERE FOR THURSDAY'S AFTER-MARKET EARNINGS TIME & ESTIMATES LINK #5!](https://i.imgur.com/6VRQZfz.png))

*****

> # ***Friday 8.6.21 Before Market Open:*** 
> ###### ([CLICK HERE FOR FRIDAY'S PRE-MARKET EARNINGS TIME & ESTIMATES LINK #1!](https://i.imgur.com/he9f0pH.png))
> ###### ([CLICK HERE FOR FRIDAY'S PRE-MARKET EARNINGS TIME & ESTIMATES LINK #2!](https://i.imgur.com/PiPV8iT.png))

*****

> # ***Friday 8.6.21 After Market Close:***
> ###### ([CLICK HERE FOR FRIDAY'S AFTER-MARKET EARNINGS TIME & ESTIMATES!]())
(NONE.)

*****

> # (T.B.A. THIS WEEKEND.)
**(T.B.A. THIS WEEKEND.)** (T.B.A. THIS WEEKEND.).

> #([CLICK HERE FOR THE CHART!](http://elite.finviz.com/chart.ashx?t=SPY&ty=c&ta=st_c,sch_200p,sma_50,sma_200,sma_20,sma_100,bb_20_2,rsi_b_14,macd_b_12_26_9,stofu_b_14_3_3&p=d&s=l))

*****

# DISCUSS!

What are you all watching for in this upcoming trading week?

*****

I hope you all have a wonderful weekend a great trading week ahead r/stocks. :)",Russia,Russia,available,False,False,True,False,True,False,False,excluded,Russia_or_Russian
q3do2i,2021-10-07,investing,Russia to implement safeguards to protect citizens from crypto investments - TheDailySats,[removed],Russia,Russia,removed,True,False,True,False,False,False,False,excluded,Russia_or_Russian
sagrpp,2022-01-23,stocks,How will you react to defense sector stock reporting?,"We have some defense sector stocks reporting this week, Raytheon, Boeing, ect.. I imagine to could price in some movement due to tensions raising between Russia and eastern European nations. While this might be a favorable environment for the defense sector, I have to wonder if it won't have an inverse effect on the wider market? An alternative thesis might be that the situation might be that these companies are big enough to drag the greater market up? What are your thoughts?",Russia,Russia,available,False,False,True,False,True,False,False,excluded,Russia_or_Russian
sxi55o,2022-02-21,investing,What are you doing to hedge or make money from the russian invasion?,[removed],Russia|Russian|invasion,Russian|invasion,removed,True,False,True,True,False,False,False,excluded,Russia_or_Russian
t6rkr9,2022-03-04,stocks,JUST IN: Russia Blocks Access to Facebook,[removed],Russia,Russia,removed,True,False,True,False,False,False,False,excluded,Russia_or_Russian
t9w4wm,2022-03-09,StockMarket,"If the US produces 20% of the world's oil, and also consumes 20% of the world's oil, why are prices going up? Why are they not able to self-sustain their supply/demand without Russia?",[removed],Russia,Russia,removed,True,False,True,False,True,False,False,excluded,Russia_or_Russian
vrdogs,2022-07-04,investing,[x-post with r/land] Is this a good time to be investing in land?,"I have found some beautiful pieces of land in very remote regions of the northeastern US, and I want to buy land, but I am very aware we are about to go into a recession and housing supply is currently skyrocketing in many areas. I have had issues finding good sources for up-to-date statistics about land prices and correlation between the real estate market and land prices. I want to determine if land may similarly be going through a bubble and whether I should wait 6 months to purchase.

The other thing here is I am worried about my liquidity with land purchases. How much can I anticipate land value will fluctuate? This will affect when I can sell in a downturn. Germany and the rest of the EU have multiple industries that are on the verge of collapse because of the cut-off of cheap Russian oil. If these countries go under, they are major trading partners and I worry we will see something much worse than the great depression. Pair this with the social unrest already unfolding in our country as our democracy sputters and we are in a very bad situation. I know this all sounds very bearish, and I wanted to hear peoples' opinions about what they think about buying undeveloped land during this time? Is it a good place for me to park my funds for 10 years?",Russia|Russian,Russian,available,False,False,True,False,True,False,False,excluded,Russia_or_Russian
xk3u15,2022-09-21,StockMarket,Today it became known that Russian President Vladimir Putin announced military mobilization and actually declared war on the whole world.,[removed],Russia|Russian|Putin,Russian|Putin,removed,True,False,True,True,False,False,False,excluded,Russia_or_Russian
10k6a3l,2023-01-24,StockMarket,How to trade Russian stocks as a US citizen?,[removed],Russia|Russian,Russian,removed,True,False,True,False,True,False,False,excluded,Russia_or_Russian
118yni6,2023-02-22,investing,Russian stocks. What are the options?,[removed],Russia|Russian,Russian,removed,True,False,True,False,True,False,False,excluded,Russia_or_Russian
1268hwh,2023-03-30,investing,The decline of the petrodollar,"More and more we are seeing Saudi Arabia starting to side with China and Russia which could accelerate the decline or total removal of the petrodollar. I’ve seen some reports saying, “hey don’t worry about it it’s not that big of a deal” and others saying, “Americas economy will collapse and inflation will go insane etc etc.” The truth has to be somewhere in between. What are some plans to hedge for that? Yuan ETFs? Forex? And  saying “I’m staying the course” is a cop out- and if you truly are what is your current plan/ why will it be fine in the event that we lean towards US economic downfall?",Russia,Russia,available,False,False,True,False,True,False,False,excluded,Russia_or_Russian
14jgjal,2023-06-26,stocks,"Emerging Markets: Wagner insurrection in Russia, Jenin attack, US boots in Peru",[removed],Russia,Russia,removed,True,False,True,False,True,False,False,excluded,Russia_or_Russian
161jrcg,2023-08-26,investing,"Heineken sold its operation in Russia for 1 Euro, why so cheap?",[removed],Russia,Russia,removed,True,False,True,False,False,False,False,excluded,Russia_or_Russian
17jqadc,2023-10-30,stocks,Hedge funds are piling into uranium stocks in anticipation of a 'dramatic' surge.,"&#x200B;

Several hedge fund managers, including Terra Capital's Matthew Langsford, Segra Capital's Arthur Hyde, Argonaut Capital Partners' Barry Norris, and Anaconda Invest's Renaud Saleur, are increasing their exposure to uranium stocks, anticipating significant price gains.   
  
The rise in uranium valuations, up 125% since 2020, is attributed to the growing importance of nuclear power in the transition to a low-carbon future, with the International Energy Agency suggesting a need to double global nuclear capacity. Europe, Asia, and Africa are driving demand for nuclear reactors, extending the lifespans of existing facilities and building new ones. Uranium's appeal has also grown as Europe seeks to reduce reliance on Russian gas.   
  
While nuclear power is considered green and emits no CO2, safety concerns and waste disposal challenges have hindered its growth. Hedge funds are focusing on uranium miners and believe that building new mining, conversion, and enrichment capacity is essential for energy security. Some hedge funds are also exploring shorting strategies for certain uranium stocks.   
  
Overall, uranium's role in the global energy transition is gaining attention among investors.  
  
",Russia|Russian,Russian,available,False,False,True,False,True,False,False,excluded,Russia_or_Russian
17yumyf,2023-11-19,StockMarket,Russian stocks for Western investors,[removed],Russia|Russian,Russian,removed,True,False,True,False,True,False,False,excluded,Russia_or_Russian
18s0zy2,2023-12-27,stocks,Here's everything I'm watching in premarket 27/12. Analysis included on what to expect with DXY and Small Caps.,"Note: I am removing the money manager clause from the title, simply because I feel like people are getting hung up on this detail and are missing the value I am putting out in my posts. For all my haters, this doesn't change the fact that I am one. I hope my work today can help someone.   


**Analysis: Looking at Dollar & Small Caps:**  


**DOLLAR:**  


* DXY is now down 3% since the Dec 13th Fed meeting, and 5% down since November, on rate cut optimism. Let’s look at what the data is telling us about what traders are expecting going forward now. 
* If we compare the CDX to DXY, we can see that Corporate bond traders expect the dollar to continue to fall from here. (See the analog below. DXY tends to track CDX)
* [https://imgur.com/a/fYBFuvz](https://imgur.com/a/fYBFuvz)   
* The bloomberg risk reversal index also just hit the low of the year. This also tells us that the dollar is expected to remain under pressure. 
* [https://imgur.com/a/jSD1jAr](https://imgur.com/a/jSD1jAr)  
* Conclusion: Dollar to remain under pressure. This is positive for the equity markets. A falling dollar should continue to support equity markets higher.   


**Small Caps:**  


* Since October, Small caps have rallied as investors rotate out of Mag 7. 
* If we track the IWM against SPY (Small caps vs Big caps), we can see that the IWM is testing the resistance of a medium term downtrend. 
* [https://imgur.com/a/bHZH7J2](https://imgur.com/a/bHZH7J2)  
* What this tells us is that we could see some short term correction in small cap stocks, many of which have rallied significantly. 
* This is what the Skew Data is telling us too. IV in OTM call options has reduced, and there is a gamma resistance at 105 on IWM. 
* All of this tells us that we could see some price correction in IWM soon.
* However, long term the momentum is still strong for small caps. Flows into corporate bonds remain supportive.
* [https://imgur.com/a/K5SEMLM](https://imgur.com/a/K5SEMLM)    


**What happened yesterday and what are my thoughts on it?**  


* Boxing Day is historically the 2nd best trading day of the year, with average returns of 0.5%. Yesterday’s returns was 0.42%.
* SPX opened around 4761, before moving higher. Intraday, it moved above the 4775 level, which has formed a resistance throughout last week. Couldn't break notably above it, so will continue to watch this level today. This was likely due to lack of data and volume in the market. Ultimately, sellers were sitting at this level. 
* The drop in dollar as well as seasonal boost is what supported market yesterday. 
* Oil outperformed on falling dollar and as US bought 3 million barrels for their strategic reserve. 
* Nio popped after unveiling new sedan, whilst Intel dragged other semis higher after securing funding for new project in Israel  


**——— INSTITUTIONAL RESEARCH ———**   


* ANZ - USDJPY will eventually move lower to 136 by the end of 2024
* ANZ sees AUD/USD at 0.68 in Q1 and 0.7 in Q4. Driven by USD drop and developments in China. RBA will only cut at end of 2024, whilst Fed would start cutting before. Also risk positive sentiment. 
* BBH says they expect Dollar to remain under pressure this week. Lack of any major data to slow downward momentum. 
* BCA research compared historic relationship between bank lending standards and commercial and industrial loans. Suggested that history tells us commercial and industrial loans will be down 10% by H2 2024. Said this only happens in recessions.   


**———— DATA LEDE ————**  


* **BOJ Summary of Opinions today: (as noted in my post on Monday, I expected them to reinforce ultra easy monetary policy, sending JPY lower):**
* Members saw need to maintain ultra easy monetary polic
*  Said we must confirm stable achievement of price target first. 
* Theyre not in a rush and don’t face risks of falling behind the curve. 
* Want to see wage talk outcomes next spring.
* ALL OF THIS IS QUITE DOVISH. IT SHOWS CLEAR INTENT TO DELAY ANY TIGHTENING. THIS PUSHED JPY LOWER.   

* **China industrial profit numbers better than expected, aided by stimulus measures from China.**   


**———— FOREX ————**   


* JPY been mostly lower on dovish summary of opinions.
* USD continues lower
*  AUD higher on risk on sentiment. 
* When UK markets opened, we saw GBP fall a bit, before recovering.   


**——— MARKETS ————**

* SPX flat in premarket. Above 4775
* HKG higher as Beijing modified its stance on gaming industry, following market sell off prompted by proposed curbs. Tencent pushed higher.
* Also, better than expected industrial profits out of China. Also following US higher after was closed yesterday. 
* OIL - slightly lower as Iraq agrees to develop joint oilfields with Iran. Increases oil supply, hence price of oil lower. Before that news, oil was flat.   


**——— MAG 7 NEWS —————**  


* TESLA - currently conducting prep work in China, to roll out refreshed version of Model Y from Shanghai gigafactory. Mass production starting mid 2024. 
* TESLA - This last quarter, BYD set to have sold more EVs than Tesla, making them biggest EV seller in world for past quarter. (Not a big deal, just an interesting fact)
* TESLA - Morgan Stanley reiterates overweight rating (price target 47% above spot)
* AAPL - head of iPhone design who departed earlier this month, hired by Sam Altman to work on new AI hardware project (No big deal, just interesting fact)
* AMZN - prime will start introducing ads from Jan 29th, unless you pay extra each month for ad free. 
* AAPL - yesterday, had thier emergency motion with US appeals court rejected. (Regarding Apple Watch)
* AMZN - Anthropic is eyeing over $850m in annualised revenue rate by end of 2024.   


**——— COMPANY NEWS ————**  


* Uber will deploy Teslas to join Japan’s Taxi market. This comes as Japanese government is poised to lift its ban on ride sharing (In April). That’s bullish for Uber. 
* NIo - closes a $2.2b strategic equity investment from CYVN. Was up yesterday after unveiling a very sharp looking sedan. 
* ADBE - CFO discloses insider sale (not too big)
* TFII - maintained neutral by Bank of America (price target 5% above spot)  


**———— OTHER HEADLINES —————**  


* Not too much happening in other news today in premarket. The main headlines are:
*  China industrial profit numbers better than expected, aided by stimulus measures from China. 
* Russia reinforces their commitment to stick to obligations on supply cuts. 
* Beijing modifies its stance on gaming industry, following market sell off prompted by proposed curbs. Offers assurances to companies, saying they will “carefully study” all concerns of stakeholders. Tencent was up 4% on this. Still not retraced the losses since the sell off.
*  Shipping company Hapag-Lloyd says they won’t be joining Maersk in resuming shipping through Red Sea. Said the route is still too dangerous. 
* Uk Treasury Minister, Jeremy Hunt, will announce the Spring Budget on March 6. Bid to do a fiscal push to garner new votes. The conservatives have been floating idea of tax cuts and help for homebuyers in bid to turn around poor polls. ",Russia,Russia,available,False,False,True,False,True,False,False,excluded,Russia_or_Russian
mi5ox3,2021-04-01,investing,Russia and Ukraine have rising tensions: is there money to be made?,[removed],Ukraine|Russia,Ukraine|Russia,removed,True,True,True,False,False,False,False,excluded,direct_ukraine_but_excluded
mw5jx4,2021-04-22,stocks,Beware the Ukraine situation!!,[removed],Ukraine,Ukraine,removed,True,True,False,False,False,False,False,excluded,direct_ukraine_but_excluded
ntgjw3,2021-06-06,StockMarket,advice for ukrainian fellow beginners,[removed],Ukrainian,Ukrainian,removed,True,True,False,False,False,False,False,excluded,direct_ukraine_but_excluded
ts187c,2022-03-30,stocks,Good investments in the rebuilding effort in Ukraine,[removed],Ukraine,Ukraine,removed,True,True,False,False,False,False,False,excluded,direct_ukraine_but_excluded
u9murv,2022-04-22,StockMarket,Hi friends. please advise a promising coin for the near future. I'm from Ukraine,[removed],Ukraine,Ukraine,removed,True,True,False,False,False,False,False,excluded,direct_ukraine_but_excluded
ujjjgq,2022-05-06,investing,"Of course, the Russia-Ukraine war was going to happen.",[removed],Ukraine|Russia,Ukraine|Russia,removed,True,True,True,True,False,False,False,excluded,direct_ukraine_but_excluded
11d9dj0,2023-02-27,StockMarket,All of the updates you need about the Ukraine war!,[deleted],Ukraine,Ukraine,deleted,True,True,False,True,False,False,False,excluded,direct_ukraine_but_excluded
11dc2ou,2023-02-27,StockMarket,All of the updates you need about the Ukraine war,[deleted],Ukraine,Ukraine,deleted,True,True,False,True,False,False,False,excluded,direct_ukraine_but_excluded
14n6xg4,2023-06-30,investing,👋🏻GM UC Peace Fighters 🫡 We've just launched our first Zealy contest to reward early members of our community. Join us in building the WORLD 1st #web3 collaborative documentary about the Russia-Ukraine war. Unfiltered. Free from propaganda and censorship. Details below 👇,[removed],Ukraine|Russia,Ukraine|Russia,removed,True,True,True,True,False,False,False,excluded,direct_ukraine_but_excluded
175a9qc,2023-10-11,stocks,Ukraine 🇺🇦 Newest Member Of NATO!,[removed],Ukraine|NATO,Ukraine|NATO,removed,True,True,False,True,False,False,False,excluded,direct_ukraine_but_excluded
kx6mjz,2021-01-14,stocks,Japanese/Hong Kong stocks,"Hello everyone! 

Ok, so I wanted to dig in more about companies I might not know. I've just gone once to Japan so I know the basics like the Asahi Beverages Co, but I'm more interested in other field to do my research, such as logistics, retail, essential companies which aren't sensitive or subjected to possible sanctions or political disputes.

Same issue for HK, I wondering what kind of stocks can be interesting and reliable. The whole situation isn't that great and stable.

I'll be super happy to discuss about it! I'm basically pretty good on Taiwan's stocks but I want to get more knowledge for these regions.

Have a great and safe year!!",sanctions,sanctions,available,False,False,False,True,True,False,False,excluded,general
lb2ytx,2021-02-02,StockMarket,SNM Analysis & Predictions,"I felt it was time for me to gather some thoughts about ShaMaran. Sometimes it feels like you are all alone with owning this stock. And it would be nice to have some discussion about the company, and to hear other investors' views on the stock and the company. Which, in my opinion, is not necessarily the same thing. The company is doing very well, but what about the share? Nothing!! Why?

It is very difficult for me to understand that we are still at these low levels!
When the oil price has recovered to over $50 and stands at $57/brent at the time of writing. We should get up to the levels we had at the end of 2019 and start in 2020!! To begin with…

”So only there is a nice rise for the stock!”

Certainly the oil price was higher then between 60-65$ barrel. 
But then there was also uncertainty surrounding krg's payments, which were not paid between Nov-19 and Feb-20 of $41.7 million. Which we will probably soon see start being paid back. At least if we are to believe in Genel, GKP and Dana Gas who have notified the market of this.

Below I have gathered a few things that make me look bright on the future and that the stock feels interesting to own.


Refund from KGR

That we see  KRG begins repayment of the debt for delivered oil between Nov-19 and Feb-20 of 41.7 million dollars. If we get this money into the bank, it looks very good for the valuation and cash flow!

https://genelenergy.com/wp-content/uploads/2020/09/Genel-Resumption-of-override-payments-FINAL-11.12.20.pdf 

https://www.danagas.com/media/press-releases#sec-5986 

https://polaris.brighterir.com/public/gulf_keystone_petroleum/news/rns/story/w6qe47r  

Why doesn't SNM do the same? And why don't they answer the question of refunds and give feedback to the market when I ask them? Is this in Taqa or what is it that is taking so long? Here I see the closest trigger for the stock! So it's very frustrating that they don't communicate this course-driven information to the market! 

I think they can be much better at communicating to the market, what the stock needs are new buyers and higher turnover to attract interest from larger investors. Which is an absolute prerequisite for an higher valuation of the company. Here, the company management needs to become much more active in its actions regarding marketing the company. Why don't they do more to be seen?






Increase in Company Gross 2P Reserves

We should expect an update before February is over. There can certainly be positive surprises here. What is interesting is our reserves in relation to our production and what has been communicated around development plans for the field. I can't make up the math here. www.shamaranpetroleum.com/site/assets/files/5222/corporate_presentation_-_dec_2020.pdfPage 2 108.5 million barrels 2P/C It produces today according to page 4. An average of 46,300 barrels per day with an ambition to raise these significantly. To 80 000-100 000 a day!108 500 000 / 46300 = 2344 / 365 = 6.5 So in about 6.5 years, you're out of oil? No, I don't think so. More oil will be transferred to 2P/C but the question is how much and when it will happen? 

How much oil is there in Atrush? I believe in a lot of oil...



KRG and Baghdad
Will we finally see a solution between KRG and Baghdad on the budget? And what will it mean for IOCs operating in KRG if SOMO receives 250 bpd, will Baghdad see the contracts as legal? And how will investors view the companies operating in Kurdistan? Does some of the risk disappear? And the companies get a completely different valuation? 

www.rudaw.net/english/kurdistan/29122020-amp 

www.forbes.com/sites/debtwire/2021/01/04/iraqi-and-kurdistan-budget-hangs-in-the-balance/amp/  


Sarsang and Total

Very exciting things are happening in the neighboring block, Sarsang, where Total is possibly on its way to sell its share of 18%. According to Bloomberg, Total believes it can get up to $ 500 million for its part. And if they get close to that price, that would be very positive, for the valuation of nearby Atrush! And who could be the buyer? I think that the Russian companies in particular is strengthening its presence in the area. But time will tell. 

www.bloomberg.com/news/articles/2020-12-04/total-said-to-be-in-talks-to-sell-stake-in-kurdistan-oil-field   


Plan for expansion

It will be very interesting to see if there are any decisions, about expanding the field to 80-100bopd. This was to be decided on, in 2020 but was put on hold when Covid-19 became a fact and the oil price crashed. But now it's time I think to make a decision on the issue regarding the future expansion of the field. 

Page 3. www.shamaranpetroleum.com/site/assets/files/5158/2019-12-snm-cp.pdf 

Here I see the greatest potential for an upgrade of the company. Here, future company value and future belief regarding Atrush's ability to be the company's basis for stability and sole asset are determined. I would like to see the use of cash flow to acquire new assets. And that the company can grow further with higher share prices as a result! 





”Installation of Second Trainat Early Production Facility""

I think it is very interesting to look back at information that the company has given before. To create an image of where they are today or in the near future. If you look at the presentation from August. 

Page 8 www.shamaranpetroleum.com/site/assets/files/5196/corporate_presentation-shamaran-rev10.pdf 

So it will be very interesting regarding the opportunity to see an increase of production in the very near future. Wonder how far the company has come?

”Installation of Second Trainat Early Production Facility. Second productiontrain (EPF.T2) brings current Atrush processing capacity in line with well capacity circa 58Mbopd.” 

Is it already installed and they can easily screw up prod 10,000 barrels / day? There is a lot that justifies this, among other things, if you get the debt back from Nov-Feb faster. That calculation becomes much more appealing if you count on 55$ barrels/brent, which we are a bit over now at the time of writing, and a production of 58,000 barrels / day. I do not see it as completely unlikely that in the foreseeable future we will hear from the company that they will increase production to these levels. This is, after all, information from August and it is quite reasonable that we are there today.


Conditions for earning. As everyone knows, the price of oil is very important. And here I think we will see a surprisingly large re-inhibition of the prize in 2021. What happens to the oil price is always uncertain as it can change overnight both up and down. But there is much to suggest a strong recovery in demand. And this, at the same time as investment in the sector has been declining for several years. This could be a perfect storm for oil prices if supply cannot meet demand. Shamaran produces at a very low cost and here there is an incredible leverage with a higher oil price.
www.macrovoices.com/guest-content/list-guest-publications/4009-art-berman-macrovoices-jan-7-2021/file
And for every dollar that the oil price increases by, the higher the earnings for snm. Here I think the market will change attitudes towards oil stocks overall in line with a higher oil price.



The bond 

https://www.shamaranpetroleum.com/news/shamaran-proposal-to-bondholders-approved-122758/ 


We'll see what happens there. But I think we'll be surprised. With Lundin you can never know. ""expect the unexpected"" When i add up everything. ShaMaran has never looked more interesting. And had so many triggers for the stock lined up in the near future. Now there is only one direction for the stock and it is up.",Russia|Russian,Russian,available,False,False,True,False,True,False,False,excluded,general
llxa1p,2021-02-17,StockMarket,Time to Dig,"Read the title of this sensational article:

China targets rare earth export curbs to hobble US defence industry - [https://www.ft.com/content/d3ed83f4-19bc-4d16-b510-415749c032c1](https://www.ft.com/content/d3ed83f4-19bc-4d16-b510-415749c032c1)

&#x200B;

Rare Earth Minerals

&#x200B;

You are probably thinking that I am talking about chocolate, or wheat. Honestly, you may be right. I'm not a urologist (though my wife's boyfriend says he is practicing to be one).

&#x200B;

I only know that China - pronounced ""CHI-nah"" like the Cheeto did - and other nations ([https://www.reuters.com/article/russia-rareearths-idUSL8N2F73F4](https://www.reuters.com/article/russia-rareearths-idUSL8N2F73F4)) are focused on these Rare Earth Minerals and so of course the United States will, too.

&#x200B;

You may have noticed that, as a result, rare earth mining companies are mooning. Check out $MP (MP Materials Corp). They are up 280%, near $42 a share from $11.08 in November. I missed the rocket on that one. Though perhaps it is not too late to hop on, I did some Internet Research and found that MP is just one - perhaps the biggest - of a few. Check out this article: [https://www.nytimes.com/2020/08/14/us/politics/rare-earths-american-companies.html](https://www.nytimes.com/2020/08/14/us/politics/rare-earths-american-companies.html)

&#x200B;

Actually there are a few:

&#x200B;

Ucore - in Alaska, $UURAF

Texas Mineral Resources Corp - in (of course) Texas, $TMRC

Rare Element Resources - in Wyoming, $REEMF

NioCorp Developments - in Colorado, $NIOBF

And Lynas Corporation, an Australian company, who is building a processing facility in Texas, $LYSDY

&#x200B;

These stocks range in price from $0.61 - $4.83 and none of them have really ""mooned"" yet. Not only is there a news catalyst, but these minerals are used in the production of electric vehicles and the Internet

&#x200B;

As a disclaimer, I am heavy and long in every single one. If you buy these, you will be paying for my first Wendy's franchise. I am not qualified to give financial advice.",Russia,Russia,available,False,False,True,False,True,False,False,excluded,general
m20ixt,2021-03-10,stocks,Twitter stock going down because they won’t censor the Russian people for Putin?,[removed],Russia|Russian|Putin,Russian|Putin,removed,True,False,True,False,True,False,False,excluded,general
mkslh7,2021-04-05,investing,Investments in the Russian stock market,[removed],Russia|Russian,Russian,removed,True,False,True,False,True,False,False,excluded,general
rbx1ie,2021-12-08,investing,Why Putin May end up Tanking cryptos Permanently,[removed],Putin,Putin,removed,True,False,True,False,False,False,False,excluded,general
t8n8i1,2022-03-07,investing,Boeing suspended buying Titanium from Russia,[removed],Russia,Russia,removed,True,False,True,False,False,False,False,excluded,general
tfgqhw,2022-03-16,StockMarket,Here's Your Daily Market Brief For March 16th,"**📰 Top News**

**US stock futures moved higher in Wednesday morning trading** as investors awaited the Federal Reserve's latest policy decision.   


**Lift off...** *-* The US Federal Reserve is expected to announce its first interest rate hike since 2018 today, a major step in reversing the extraordinary easing it put in place two years ago when the pandemic started. *The Fed is expected to raise rates by a quarter-point, with various analysts expecting up to six rates increases this year.*   


**Running out of cash to fight Covid-19?***-* The Biden Administration urged the US Congress to pass $22.5 billion in spending, warning that the US is running out of money to fight the virus. *The White House said the US will not have enough money for booster shots, antiviral pills, monoclonal antibodies, and robust testing if Congress fails to approve more spending.*

**UK goes oil hunting in the Middle East** \- UK Prime Minister Boris Johnson is visiting Saudi Arabia and the United Arab Emirates as part of his efforts to press for increased oil production from the Gulf states to reduce dependence on Russian energy. *Johnson's government announced last week that the UK will phase out Russian oil imports by the end of the year.*   


**🎯 Price Target Updates**

Raymond James upgrades Nokia. NOK upgraded to OUTPERFORM from MARKET PERFORM - PT $6.50

Morgan Stanley downgrades Occidental Petroleum. OXY downgraded to EQUALWEIGHT from OVERWEIGHT - PT $52 (from $50)  

Barclays downgrades Interpublic Group. IPG downgraded to EQUALWEIGHT from OVERWEIGHT - PT $42 (from $47) 

**📻 In Other News**

**Leveling the pay playing field** \- US President Joe Biden urged private companies to close the gender pay gap after signing an Equal Pay Day executive order with measured aimed at removing biases associated with gender and compensation. *Note: Data shows that while the gender pay gap is at its smallest, the coronavirus pandemic has altered women's labor force participation.*

**Pay up for that Tesla...** *-* Tesla announced that it will be raising the price of its electric vehicles in the US and China after CEO Elon Musk warned of inflation pressures on the business. *Note: Musk said in a tweet earlier this week that Tesla and his space exploration company SpaceX have seen ""significant recent inflation pressure in raw materials and logistics""*  


**AMC moves from theatres to...mining?** \- US cinema chain AMC announced it has acquired a 22% stake in a gold and silver mining operator Hycroft Mining Holding based in Nevada. *Note: According to independent third party studies cited by AMC, the Hycroft mine has some 15 million ounces of gold deposits and some 600 million ounces of silver deposits.* 

**📅 This Week's Key Economic Calendar**

***Wednesday****: FOMC Rate Decision, Fed* *Chair Holds Conference Following FOMC Meeting*

***Thursday****: Initial Jobless Claims (wk end 12-Mar), Philadelphia Fed Business Outlook (Mar)*

***Friday****: Existing Home Sales (Feb), Leading Index (Feb)*

**📔 Snippet of the Day**

***Quote of the day:*** *""We're all going to make errors, but we can choose whether we're going to make errors of omission or errors of commissions"" -  Vikram Mansharamani*",Russia|Russian,Russian,available,False,False,True,False,True,False,False,excluded,general
tm0tr5,2022-03-24,investing,Investing in Russian Rubles?,[removed],Russia|Russian,Russian,removed,True,False,True,False,True,False,False,excluded,general
u2x3t4,2022-04-13,stocks,$RSX VanEck Update,"Spoke with VanEck advisor and Cboe in regards to the unhalting, its timeline, and what investors can expect. 

VanEck: We didnt halt it, it was the Cboe, here is their phone number 1.913.815.7001 Call them to get an understanding of the situation and what to expect.

Called Cboe: ""No comment"". Its between VanEck and the SEC, we are not involved at all. VanEck keeps telling people to call us and we have no involvement.

Summary: Nobody wants to say anything, everyone is covering their asses. ETF wont trade until the underlying funds in Russia are trading.

Moonyou22s timeline guesstimate: 2-12 months.",Russia,Russia,available,False,False,True,False,True,False,False,excluded,general
10kay7u,2023-01-24,StockMarket,A small overview about the latest news around the nuclear power restarts and the evolution in global uranium supply gap + latest information on a couple uranium companies,"Hi everyone,

**This isn't financial advice. Please do your own DD before investing.**

A small overview about the latest news around the nuclear power restarts and the evolution in global uranium supply gap:

**Cantor Fitzgerald:**

[Source: Cantor Fitzgerald, January 9, 2023, posted by John Quakes on twitter](https://preview.redd.it/w8av2ed801ea1.png?width=778&format=png&auto=webp&v=enabled&s=ef69b6c17b88997c8c2ca9a82fb31ae8f667e7d9)

[Source: Cantor Fitzgerald, January 9, 2023, posted by John Quakes on twitter](https://preview.redd.it/v0dku0r901ea1.png?width=417&format=png&auto=webp&v=enabled&s=d799cf575de9984ffdcd9604cacbffbd28de2952)

[Source: Cantor Fitzgerald, January 9, 2023, posted by John Quakes on twitter](https://preview.redd.it/uvu7f4za01ea1.png?width=427&format=png&auto=webp&v=enabled&s=802c96aa7d7541ec31fae32bd7ee586a114aecea)

[Source: Cantor Fitzgerald, January 9, 2023, posted by John Quakes on twitter](https://preview.redd.it/jvo6gcnc01ea1.png?width=415&format=png&auto=webp&v=enabled&s=23b18412cc988fa31899ac3cff7dc7bec2656438)

**Here information from the Bear Traps Report:**

[Source: The Bear Traps Report December 4th, 2022, posted by John Quakes on twitter  ](https://preview.redd.it/zrljk25e01ea1.png?width=1134&format=png&auto=webp&v=enabled&s=788d972b59ada07b965ce397f74cc5903b61e96d)

Note: The Bear Traps Report is a professional report read by 600 institutional investors (banks, hedge funds, ...)

**ANU Energy** is a fund created by Kazatomprom and 2 other shareholders. The purpose to create a third physical uranium fund, like Sprott Physical Uranium Trust, more for Asian investors (China, India, ...).

[Source: ANU Energy, posted by John Quakes on twitter](https://preview.redd.it/805jiz9g01ea1.png?width=1059&format=png&auto=webp&v=enabled&s=2663749b3e3b92705d7553d3d469f9b7e43d51f1)

Here some other information from other sources:

[Source: World Nuclear Association\/Deep Yellow ](https://preview.redd.it/jmmpsuoh01ea1.png?width=657&format=png&auto=webp&v=enabled&s=0070eb3686f844a79127e76068fd9b572bb8342b)

https://preview.redd.it/vbzb62wi01ea1.png?width=1200&format=png&auto=webp&v=enabled&s=495aa9b05cd7966bec72de4ebda739856d9e8e2e

China will build \~150 big reactors between 2021 and 2035, compared to 438 reactors globally early January 2023, so an additional 150 big chinese reactors is a huge thing. But China is not alone. India, Russia, South Korea, Slovakia, Turkey, Egypte, ... are also building more reactors.

In 2H2022 Japan announced they would accelerate the restart of 7 more reactors:

https://preview.redd.it/9bdy9zhk01ea1.png?width=540&format=png&auto=webp&v=enabled&s=c849b1b06a7b7228bc07a3769ad59c24f87cdb8b

https://preview.redd.it/liolyccl01ea1.png?width=411&format=png&auto=webp&v=enabled&s=2f83f5ac291de73f3ad4da5c6e5b7340d625d970

https://preview.redd.it/sf6g4ipm01ea1.png?width=531&format=png&auto=webp&v=enabled&s=13f4255200e630573bd5466d8646e42245644602

Today more reactors are build than reactors closed and most of the reactors are build on time and close to budget (China, India, ... build many reactors on time, not like Vogtle in USA or Flamanville in France)

https://preview.redd.it/k9kfiopp01ea1.png?width=710&format=png&auto=webp&v=enabled&s=dfd561d34a40ddb0ada8b587130601e9c9f7d992

[Source: IAEA ](https://preview.redd.it/lxzs0enq01ea1.png?width=567&format=png&auto=webp&v=enabled&s=1b41ba9e3d9e61a4cfde13d5426451de549cf75e)

Here a detailed post talking about the Global Nuclear Rennaissance: [https://www.reddit.com/r/Wallstreetbetsnew/comments/zf8oo8/important\_global\_nuclear\_power\_renaissance\_at/](https://www.reddit.com/r/Wallstreetbetsnew/comments/zf8oo8/important_global_nuclear_power_renaissance_at/)

If interested, here a couple possibilities with price targets from different equity research companies:

**This isn't financial advice. Please do your own DD before investing**

a) Sprott Physical Uranium Trust: an 100% investment in physical uranium

b) Yellow Cake: an 100% investment in physical uranium

[Source: Cantor Fitzgerald, posted by John Quakes on twitter](https://preview.redd.it/ciyrotu301ea1.png?width=771&format=png&auto=webp&v=enabled&s=00e274951354abe3591b2e4e6cce8653bc45ebf5)

c) diversified uranium sector etfs: Sprott Uranium Miners etf (URNM) or Global X Uranium etf (URA)

d) individuel uranium companies. For instance:

\- Cameco (CCJ on US stock exchange or CCO on TSX)

\- Paladin Energy (PDN on ASX)

\- US miners: Uranium Energy Corp, EnCore Energy, Energy Fuels, UR-energy, Peninsula Energy

[Source: Cantor Fitzgerald, posted by John Quakes on twitter](https://preview.redd.it/yrhkqiws01ea1.png?width=772&format=png&auto=webp&v=enabled&s=3e58fca0c49f5c621033327359b77c107a9a049c)

\- well advanced developers: Denison Mines (DNN), Global Atomic (GLO),  Fission Uranium Corp (FCU), Deep Yellow (DYL), Forsys Metals (FSY), ...

[Source: Cantor Fitzgerald, posted by John Quakes on twitter](https://preview.redd.it/b3r8n3iu01ea1.png?width=787&format=png&auto=webp&v=enabled&s=218f035d4ef6a11afc8d3f9fc569b6ad3c3d8b1e)

[Source: Eight Capital, posted by John Quakes on twitter](https://preview.redd.it/pdxqq4nv01ea1.png?width=726&format=png&auto=webp&v=enabled&s=a5abcb19cac7e176a07d96efa548de52a61e3fe8)

[Source: Sprott Equity Research, posted by John Quakes on twitter](https://preview.redd.it/03l126pw01ea1.png?width=574&format=png&auto=webp&v=enabled&s=c75308df70fb310bd9648ce38a62d9c901d4100c)

[Source: Red Cloud, David A Talbot, posted by John Quakes on twitter](https://preview.redd.it/fe3wg9ry01ea1.png?width=737&format=png&auto=webp&v=enabled&s=56e225ad5be115c82bdc30f4d484caf15849b74d)

\- explorers : Elevate Uranium, Fission 3.0, ...

**This isn't financial advice. Never rush into investments. Take your time to do your own DD before investing.**

I'm a long term investor

Cheers",Russia,Russia,available,False,False,True,False,True,False,False,excluded,general
11dakme,2023-02-27,StockMarket,All of the updates you need about the Ukraine war..!,[deleted],Ukraine,Ukraine,deleted,True,True,False,True,False,False,False,excluded,general
14c1g9i,2023-06-17,stocks,How will the NATO heads meeting in Vilnius (07.11-07.12) affect the stock market?,[removed],NATO,NATO,removed,True,False,False,True,True,False,False,excluded,general
17fjdkq,2023-10-24,stocks,Thoughts on Uranium,"Hi

So uranium stocks have caught my attention, especially UEC that has risen 127% in 6 months and URG that has risen 93%, with stocks generally on a rally. 

The world is shifting towards clean energy, and Europe is going for nuclear to shift away from russian gas and gas in general. 

Does anyone here hold Uranium stocks, what are your thoughts on them mid and long term? Any advice? Are there other reasons why it might be increasing in price, like the Niger coup?

Thank you!!",Russia|Russian,Russian,available,False,False,True,False,True,False,False,excluded,general
189gepo,2023-12-02,investing,What Taiwanese companies are preparing for a potential Chinese invasion?,[removed],invasion,invasion,removed,True,False,False,True,True,False,False,excluded,general
laiqij,2021-02-02,StockMarket,Invasion of Wall Street - PART 1,,invasion,invasion,blank,True,False,False,True,False,False,False,excluded,sanctions_or_invasion_but_excluded
lb2ztq,2021-02-02,investing,DD on KE Holdings ($BEKE),"**Intro**

KE is a leading integrated online and offline platform for housing transactions and services in China. They are a pioneer in building the industry infrastructure and standards in China to reinvent how service providers and housing customers efficiently navigate and consummate housing transactions, ranging from existing and new home sales, home rentals, to home renovation, real estate financial solutions and other solutions.

More general info about KE:

[https://investors.ke.com/about-us/default.aspx](https://investors.ke.com/about-us/default.aspx)

**The business**

The industry KE is operating in is Real Estate. The company was founded in 2001 in China. They have more then 85k employees. 

Some highlights about KE:

·  Massive housing market in China with low efficiency in housing transactions and services.

·  The operating system, Agent Cooperation Network (CAN), has been transforming the housing transactions and services industry in China. 

·  They utilize new technologies, such as virtual reality, artificial intelligence, big data and Internet-of-Things to create and develop real-life use cases and applications to enhance customer experience and service efficiency.

·  Visionary management team with proven track record of innovations and execution.

The vision and mission statement:

We founded our company with the belief that we can transform the housing transactions and services industry in China by improving the quality, efficiency of service providers and enhancing customer experience.

We aspire to provide comprehensive and trusted housing services through our online and offline platform, to 300 million families.

Wow… 300 million families.

**Management**

The CEO of the company is Peng Yongdong. He is one of the co-founders of the company. Before he was a senior consultant of strategy and revolution at IBM.

For the other members of the executive team: [https://investors.ke.com/governance/executive-management/default.aspx](https://investors.ke.com/governance/executive-management/default.aspx)

**Business highlights Q3 (non audited)**

* Gross transaction value (GTV) was US$154.6 billion, an increase of 87.2% year-over-year. GTV of existing home transactions was US$84.8 billion, an increase of 71.8% year-over-year. GTV of new home transactions was US$62.0 billion, an increase of 105.7% year-over-year. GTV of emerging and other services was US$7.8 billion, an increase of 151.5% year-over-year.
* Net revenues were US$3.0 billion, an increase of 70.9% year-over-year.
* Net income was US$11 million. Adjusted net income was US$274 million, an increase of 210.6% year-over-year.
* Number of stores was 44,883 as of September 30, 2020, a 41.7% increase year-over-year.
* Number of agents was 477,810 as of September 30, 2020, a 50.7% increase year-over-year.
* Mobile monthly active users (MAU) averaged47.9 million, an increase of 82.1% year-over-year.

Notice the increase… Incredible. They expect for Q4 an increase of app. 33,5% to 40,5% compared to the same quarter in 2019.

**Shareholders**

The main shareholder is Hui Zuo with 46,8% of the shares. He is the founder and the Chairman of the Board. Second greatest shareholder is Tencent Holdings Limited. Tencent provides services to KE in connection to various aspects of the operations. We all know that Tencent is doing great. The CEO Peng Yongdong also has 3,6% of the shares.

In August 2020 KE went public on the NYSE. Current market price is approx. $63.

**Market opportunities**

According to the CIC Report, China has the largest housing market in the world in terms of GTV and number of transactions of existing and new home sales and home rentals in 2019. After a period of significant growth, the market is expected to enter an era of steady growth. It is expected that the existing home transactions market will gain more importance and grow with a CAGR of 12.4%.

**Risk factors (highlights)**

·  The business is susceptible to fluctuations in China's residential real estate market and is subject to government regulations.

·  If they fail to maintain relationships with real estate developers or attract them to engage them, or otherwise fail to procure new real estate property listings at favorable terms, the business and growth prospects may suffer.

·  If they fail to obtain or keep licenses, permits or approvals applicable to the various services provided by them, they may incur significant financial penalties and other government sanctions.

·  Competition from other industry players. They may lose market share and customers if they fail to compete effectively. Their greatest competitor is E-House. Alibaba has a large stake (>10%) in E-House.

SEC Filing F-1: [https://investors.ke.com/financials/sec-filings/sec-filings-details/default.aspx?FilingId=14285443](https://investors.ke.com/financials/sec-filings/sec-filings-details/default.aspx?FilingId=14285443)

**Own opinion**

KE is a long-term investment for me. They have a great growth potential. I really like the real estate sector, especially in such a large company like China, Also,  I started this DD some days ago. Today I read that ARK Invest also has invested in KE. And let’s be honest; everything Cathie touches turns into gold.",sanctions,sanctions,available,False,False,False,True,True,False,False,excluded,sanctions_or_invasion_but_excluded
lgmi8o,2021-02-10,StockMarket,the invasion...,,invasion,invasion,blank,True,False,False,True,False,False,False,excluded,sanctions_or_invasion_but_excluded
maskwe,2021-03-22,stocks,What cause of a U.S. stock market crash would you hesitate to buy (if any)?,"Alien Invasion? Reptilian takeover? EMP strike? Incoming astroid strike? Nuclear war?

With all the ""buy the dip"" attitude I gotta know when I should hesitate (if ever).

I'd imagine there were people who would say a global pandemic would be a reason to hesitate but that turned out to be false. If a virus is wiping out a percentage of the world we buy TESLA!",invasion,invasion,available,False,False,False,True,True,False,False,excluded,sanctions_or_invasion_but_excluded
mcbl51,2021-03-24,stocks,Effects of a New Political Ice Age on Equities?,"The **EU recently imposed sanctions on China for human rights violations for the first time since 1989**. The U.S. is taking a very aggressive tone against China. I don't want to go into the reasons for this or whether these sanctions were rightly imposed. **China has now proclaimed the economic goal of no longer being the manufacturer for the rest of the world, but to make itself more independent of the West.**

The CCP does not let something like this sit on its hands and **usually reacts with exaggerated severity.** Do we have to fear that relations between China and the West will deteriorate sharply? What would that mean for companies that produce in China or need China as a large sales market? You can't be sure how the relationship between the West and China will develop, but do you think the effect would be strongly felt?  **Apple, Tesla, Disney, to name just a few prominent examples, and many more rely on profits from China. Would you therefore be concerned and more cautious with such stocks?**",sanctions,sanctions,available,False,False,False,True,True,False,False,excluded,sanctions_or_invasion_but_excluded
r8ptp5,2021-12-04,investing,Does everyone have the same opinion on when to sell their semiconductor stocks/etfs?,"Everyone and their brother agreed back earlier this year to invest the kitchen sink in semiconductor stocks/etfs. I myself invested as much as I could into SOXX and well as TSM and invested some into NVDA. I am up approx. 16%, 4% and 110% respectively. When is it time to sell you ask? 

In my opinion, for many of these, never. The only one I am considering selling is TSM, and that would have to do with the possibility of a Chinese invasion into Taiwan. SOXX and NVDA will not be sold by me for sure this decade, or probably the one after that. 

Seems to me some on this sub want to sell now because they have made say a nice 20% profit, which beats the market average. ~~If~~ when NVDA goes up another 100% in the next 2 years you will regret it in my honest opinion.",invasion,invasion,available,False,False,False,True,True,False,False,excluded,sanctions_or_invasion_but_excluded
svqjr5,2022-02-18,stocks,"If Russia invades Ukraine, so what?",[deleted],Ukraine|Russia,Ukraine|Russia,deleted,True,True,True,True,False,False,False,excluded,sanctions_or_invasion_but_excluded
t0dizb,2022-02-24,StockMarket,Sanctions will bite US and Europe in the ass,[removed],sanctions,sanctions,removed,True,False,False,True,False,False,False,excluded,sanctions_or_invasion_but_excluded
t6p4na,2022-03-04,investing,Veon says It Isn’t subject to EU sanctions.,[removed],sanctions,sanctions,removed,True,False,False,True,False,False,False,excluded,sanctions_or_invasion_but_excluded
tcr6vc,2022-03-12,investing,"How Goldman Sachs profits from war in Ukraine, loophole in sanctions",[removed],Ukraine|sanctions,Ukraine|sanctions,removed,True,True,False,True,False,False,False,excluded,sanctions_or_invasion_but_excluded
ttdnqv,2022-04-01,stocks,EXCLUSIVE Venezuela's PDVSA seeks oil tankers in anticipation of U.S. sanctions easing,"https://www.reuters.com/business/energy/exclusive-venezuelas-pdvsa-seeks-oil-tankers-anticipation-us-sanctions-easing-2022-03-31/

CARACAS/HOUSTON, March 31 (Reuters) - Venezuela's state-run energy firm PDVSA is in talks to buy and lease several oil tankers amid a possible expansion in exports, according to three sources and a document seen by Reuters, a sign the country expects U.S. sanctions on its petroleum sector to be eased.

Executives from PDVSA's maritime arm, PDV Marina, and the company's Trade and Supply division recently met with several firms offering tankers. All were willing to take Venezuelan crude or refined products as payment for the vessels, according to the document and sources who spoke on condition of anonymity.

In one of the proposals seen by Reuters, a company whose name was redacted from the document, offered five Aframax tankers, each with the capacity to transport up to 700,000 barrels of oil, under a lease contract with an option to buy them.

It required PDVSA to pay between $22,500 to $35,000 per day for up to 12 months to lease each vessel under a time-charter contract. Those ships would progressively be replaced by new ones after the first year with payment for the new tankers through four million barrels of Venezuelan fuel oil valued at $300 million, according to the proposal.",sanctions,sanctions,available,False,False,False,True,True,False,False,excluded,sanctions_or_invasion_but_excluded
10y3iky,2023-02-09,stocks,China Sanctions,[removed],sanctions,sanctions,removed,True,False,False,True,False,False,False,excluded,sanctions_or_invasion_but_excluded
1111yp0,2023-02-13,stocks,How would the stock market be effected by an alien invasion?,[removed],invasion,invasion,removed,True,False,False,True,True,False,False,excluded,sanctions_or_invasion_but_excluded
185vwlj,2023-11-28,investing,Peloton Paying $13M Settlement Over Tread+,"Recently Peloton shelled out $13.95M to settle with investors over hushing up safety issues with their Tread+.  
  
A few years back, if you recall, Tread+ caused injuries and even the tragic death of a child.  
  
Because of that, the Consumer Commission labeled Tread+ a serious health and safety risk. They strongly advised parents to ditch this contraption if they had ones (totally right, it's bad for my mental health too).  
  
So, long story short, after this whole debacle, Peloton is paying over a $13 million settlement to those who invested in Peloton. You can [check out the details](https://11thestate.com/cases/peloton-investor-settlement) if you want the specifics.  
  
But honestly, 13M for Peloton? It's like a drop in the bucket, especially when it's not just some misleading ad stuff — it's a child's death and a threat to health. They should be under intense scrutiny, not just cutting settlement checks, maybe even facing sanctions.",sanctions,sanctions,available,False,False,False,True,True,False,False,excluded,sanctions_or_invasion_but_excluded
18fnjii,2023-12-11,StockMarket,Tether Freezes 41 Crypto Wallets Tied to Sanctions,,sanctions,sanctions,blank,True,False,False,True,False,False,False,excluded,sanctions_or_invasion_but_excluded
kuibjd,2021-01-10,stocks,"FinViz worldmap, why does it completely exclude Russia ?",[removed],Russia,Russia,removed,True,False,True,False,False,False,False,excluded,title_only
lt5iby,2021-02-26,investing,Impacts of Biden Sanctions on Saudi's PIF,[deleted],sanctions,sanctions,deleted,True,False,False,True,False,False,False,excluded,title_only
n3kcqn,2021-05-03,StockMarket,Strongest electronic payment stock in all of Russia,[removed],Russia,Russia,removed,True,False,True,False,True,False,False,excluded,title_only
np6t15,2021-05-31,investing,World's First NFT Issued by a Russian Company,[removed],Russia|Russian,Russian,removed,True,False,True,False,True,False,False,excluded,title_only
t3fz5u,2022-02-28,investing,The Russian rouble decreased so much in value that it's now worth the same than a V-Buck in Fortnite,[removed],Russia|Russian,Russian,removed,True,False,True,False,True,False,False,excluded,title_only
ta4f95,2022-03-09,investing,How would you leverage the situation between Russia and Ukraine to make money?,[removed],Ukraine|Russia,Ukraine|Russia,removed,True,True,True,False,False,False,False,excluded,title_only
tdmhhp,2022-03-14,stocks,Best Tech-Stocks to short if Mr Putin does cyber malarky on US/globe?,[removed],Putin,Putin,removed,True,False,True,False,True,False,False,excluded,title_only
y6n62z,2022-10-17,StockMarket,China Evacuates Ukraine Over Nuclear Fears | Russian Kamikaze Drone Gets Shot Down,,Ukraine|Russia|Russian,Ukraine|Russian,blank,True,True,True,False,False,False,False,excluded,title_only
y650xz,2022-10-17,stocks,"Surovkin’s appointment, return of Russian troops to Belarus: what should Ukrainians brace for?",[removed],Ukrainian|Russia|Russian,Russian,removed,True,False,True,True,False,False,False,excluded,title_only
11bmtr3,2023-02-25,StockMarket,The Ukrainian conflict updates…!,[deleted],Ukrainian,Ukrainian,deleted,True,True,False,True,False,False,False,excluded,title_only
13e3y87,2023-05-10,investing,"""Why the EU’s potash sanctions are looming over supermarket prices"" and what Sage Potash (SAGE.v) is doing to combat this in North America",[removed],sanctions,sanctions,removed,True,False,False,True,True,False,False,excluded,title_only
13qljxy,2023-05-24,investing,(Russian stocks) I have a number of OZON share on my DEGIRO account and was wonder how can I sell these stocks for euros?,[removed],Russia|Russian,Russian,removed,True,False,True,False,True,False,False,excluded,title_only
14jp9bw,2023-06-26,stocks,Exclusive: Deutsche Bank tells investors some of their Russian shares are missing,[removed],Russia|Russian,Russian,removed,True,False,True,False,True,False,False,excluded,title_only
1559ys1,2023-07-21,StockMarket,This memo explains why the Russian ruble is almost always a better investment than the US Dollar,[removed],Russia|Russian,Russian,removed,True,False,True,False,True,False,False,excluded,title_only
16szwfu,2023-09-26,stocks,Help Ukraine,[removed],Ukraine,Ukraine,removed,True,True,False,False,False,False,False,excluded,title_only
