Date,Price
2021-01-04,6571.89990234375
2021-01-05,6612.2998046875
2021-01-06,6841.89990234375
2021-01-07,6857.0
2021-01-08,6873.2998046875
2021-01-11,6798.5
2021-01-12,6754.10009765625
2021-01-13,6745.5
2021-01-14,6802.0
2021-01-15,6735.7001953125
2021-01-18,6720.7001953125
2021-01-19,6713.0
2021-01-20,6740.39990234375
2021-01-21,6715.39990234375
2021-01-22,6695.10009765625
2021-01-25,6638.89990234375
2021-01-26,6654.0
2021-01-27,6567.39990234375
2021-01-28,6526.2001953125
2021-01-29,6407.5
2021-02-01,6466.39990234375
2021-02-02,6516.7001953125
2021-02-03,6507.7998046875
2021-02-04,6503.7001953125
2021-02-05,6489.2998046875
2021-02-08,6523.5
2021-02-09,6531.60009765625
2021-02-10,6524.39990234375
2021-02-11,6528.7001953125
2021-02-12,6589.7998046875
2021-02-15,6756.10009765625
2021-02-16,6748.89990234375
2021-02-17,6710.89990234375
2021-02-18,6617.2001953125
2021-02-19,6624.0
2021-02-22,6612.2001953125
2021-02-23,6625.89990234375
2021-02-24,6659.0
2021-02-25,6652.0
2021-02-26,6483.39990234375
2021-03-01,6588.5
2021-03-02,6613.7998046875
2021-03-03,6675.5
2021-03-04,6650.89990234375
2021-03-05,6630.5
2021-03-08,6719.10009765625
2021-03-09,6730.2998046875
2021-03-10,6725.60009765625
2021-03-11,6737.0
2021-03-12,6761.5
2021-03-15,6749.7001953125
2021-03-16,6803.60009765625
2021-03-17,6762.7001953125
2021-03-18,6779.7001953125
2021-03-19,6708.7001953125
2021-03-22,6726.10009765625
2021-03-23,6699.2001953125
2021-03-24,6712.89990234375
2021-03-25,6674.7998046875
2021-03-26,6740.60009765625
2021-03-29,6736.2001953125
2021-03-30,6772.10009765625
2021-03-31,6713.60009765625
2021-04-01,6737.2998046875
2021-04-06,6823.60009765625
2021-04-07,6885.2998046875
2021-04-08,6942.2001953125
2021-04-09,6915.7998046875
2021-04-12,6889.10009765625
2021-04-13,6890.5
2021-04-14,6939.60009765625
2021-04-15,6983.5
2021-04-16,7019.5
2021-04-19,7000.10009765625
2021-04-20,6859.89990234375
2021-04-21,6895.2998046875
2021-04-22,6938.2001953125
2021-04-23,6938.60009765625
2021-04-26,6963.10009765625
2021-04-27,6945.0
2021-04-28,6963.7001953125
2021-04-29,6961.5
2021-04-30,6969.7998046875
2021-05-04,6923.2001953125
2021-05-05,7039.2998046875
2021-05-06,7076.2001953125
2021-05-07,7129.7001953125
2021-05-10,7123.7001953125
2021-05-11,6948.0
2021-05-12,7004.60009765625
2021-05-13,6963.2998046875
2021-05-14,7043.60009765625
2021-05-17,7032.89990234375
2021-05-18,7034.2001953125
2021-05-19,6950.2001953125
2021-05-20,7019.7998046875
2021-05-21,7018.10009765625
2021-05-24,7051.60009765625
2021-05-25,7029.7998046875
2021-05-26,7026.89990234375
2021-05-27,7019.7001953125
2021-05-28,7022.60009765625
2021-06-01,7080.5
2021-06-02,7108.0
2021-06-03,7064.39990234375
2021-06-04,7069.0
2021-06-07,7077.2001953125
2021-06-08,7095.10009765625
2021-06-09,7081.0
2021-06-10,7088.2001953125
2021-06-11,7134.10009765625
2021-06-14,7146.7001953125
2021-06-15,7172.5
2021-06-16,7185.0
2021-06-17,7153.39990234375
2021-06-18,7017.5
2021-06-21,7062.2998046875
2021-06-22,7090.0
2021-06-23,7074.10009765625
2021-06-24,7110.0
2021-06-25,7136.10009765625
2021-06-28,7073.0
2021-06-29,7087.60009765625
2021-06-30,7037.5
2021-07-01,7125.2001953125
2021-07-02,7123.2998046875
2021-07-05,7164.89990234375
2021-07-06,7100.89990234375
2021-07-07,7151.0
2021-07-08,7030.7001953125
2021-07-09,7121.89990234375
2021-07-12,7125.39990234375
2021-07-13,7124.7001953125
2021-07-14,7091.2001953125
2021-07-15,7012.0
2021-07-16,7008.10009765625
2021-07-19,6844.39990234375
2021-07-20,6881.10009765625
2021-07-21,6998.2998046875
2021-07-22,6968.2998046875
2021-07-23,7027.60009765625
2021-07-26,7025.39990234375
2021-07-27,6996.10009765625
2021-07-28,7016.60009765625
2021-07-29,7078.39990234375
2021-07-30,7032.2998046875
2021-08-02,7081.7001953125
2021-08-03,7105.7001953125
2021-08-04,7123.89990234375
2021-08-05,7120.39990234375
2021-08-06,7123.0
2021-08-09,7132.2998046875
2021-08-10,7161.0
2021-08-11,7220.10009765625
2021-08-12,7193.2001953125
2021-08-13,7218.7001953125
2021-08-16,7154.0
2021-08-17,7181.10009765625
2021-08-18,7169.2998046875
2021-08-19,7058.89990234375
2021-08-20,7087.89990234375
2021-08-23,7109.0
2021-08-24,7125.7998046875
2021-08-25,7150.10009765625
2021-08-26,7125.0
2021-08-27,7148.0
2021-08-31,7119.7001953125
2021-09-01,7149.7998046875
2021-09-02,7163.89990234375
2021-09-03,7138.39990234375
2021-09-06,7187.2001953125
2021-09-07,7149.39990234375
2021-09-08,7095.5
2021-09-09,7024.2001953125
2021-09-10,7029.2001953125
2021-09-13,7068.39990234375
2021-09-14,7034.10009765625
2021-09-15,7016.5
2021-09-16,7027.5
2021-09-17,6963.60009765625
2021-09-20,6903.89990234375
2021-09-21,6981.0
2021-09-22,7083.39990234375
2021-09-23,7078.39990234375
2021-09-24,7051.5
2021-09-27,7063.39990234375
2021-09-28,7028.10009765625
2021-09-29,7108.2001953125
2021-09-30,7086.39990234375
2021-10-01,7027.10009765625
2021-10-04,7011.0
2021-10-05,7077.10009765625
2021-10-06,6995.89990234375
2021-10-07,7078.0
2021-10-08,7095.60009765625
2021-10-11,7146.89990234375
2021-10-12,7130.2001953125
2021-10-13,7141.7998046875
2021-10-14,7207.7001953125
2021-10-15,7234.0
2021-10-18,7203.7998046875
2021-10-19,7217.5
2021-10-20,7223.10009765625
2021-10-21,7190.2998046875
2021-10-22,7204.60009765625
2021-10-25,7222.7998046875
2021-10-26,7277.60009765625
2021-10-27,7253.2998046875
2021-10-28,7249.5
2021-10-29,7237.60009765625
2021-11-01,7288.60009765625
2021-11-02,7274.7998046875
2021-11-03,7248.89990234375
2021-11-04,7279.89990234375
2021-11-05,7304.0
2021-11-08,7300.39990234375
2021-11-09,7274.0
2021-11-10,7340.2001953125
2021-11-11,7384.2001953125
2021-11-12,7347.89990234375
2021-11-15,7351.89990234375
2021-11-16,7327.0
2021-11-17,7291.2001953125
2021-11-18,7256.0
2021-11-19,7223.60009765625
2021-11-22,7255.5
2021-11-23,7266.7001953125
2021-11-24,7286.2998046875
2021-11-25,7310.39990234375
2021-11-26,7044.0
2021-11-29,7110.0
2021-11-30,7059.5
2021-12-01,7168.7001953125
2021-12-02,7129.2001953125
2021-12-03,7122.2998046875
2021-12-06,7232.2998046875
2021-12-07,7339.89990234375
2021-12-08,7337.39990234375
2021-12-09,7321.2998046875
2021-12-10,7291.7998046875
2021-12-13,7231.39990234375
2021-12-14,7218.60009765625
2021-12-15,7170.7998046875
2021-12-16,7260.60009765625
2021-12-17,7269.89990234375
2021-12-20,7198.0
2021-12-21,7297.39990234375
2021-12-22,7341.7001953125
2021-12-23,7373.2998046875
2021-12-24,7372.10009765625
2021-12-29,7420.7001953125
2021-12-30,7403.0
2021-12-31,7384.5
2022-01-04,7505.2001953125
2022-01-05,7516.89990234375
2022-01-06,7450.39990234375
2022-01-07,7485.2998046875
2022-01-10,7445.2998046875
2022-01-11,7491.39990234375
2022-01-12,7551.7001953125
2022-01-13,7563.89990234375
2022-01-14,7543.0
2022-01-17,7611.2001953125
2022-01-18,7563.60009765625
2022-01-19,7589.7001953125
2022-01-20,7585.0
2022-01-21,7494.10009765625
2022-01-24,7297.2001953125
2022-01-25,7371.5
2022-01-26,7469.7998046875
2022-01-27,7554.2998046875
2022-01-28,7466.10009765625
2022-01-31,7464.39990234375
2022-02-01,7535.7998046875
2022-02-02,7583.0
2022-02-03,7528.7998046875
2022-02-04,7516.39990234375
2022-02-07,7573.5
2022-02-08,7567.10009765625
2022-02-09,7643.39990234375
2022-02-10,7672.39990234375
2022-02-11,7661.0
2022-02-14,7531.60009765625
2022-02-15,7608.89990234375
2022-02-16,7603.7998046875
2022-02-17,7537.39990234375
2022-02-18,7513.60009765625
2022-02-21,7484.2998046875
2022-02-22,7494.2001953125
2022-02-23,7498.2001953125
2022-02-24,7207.0
2022-02-25,7489.5
2022-02-28,7458.2998046875
2022-03-01,7330.2001953125
2022-03-02,7429.60009765625
2022-03-03,7238.89990234375
2022-03-04,6987.10009765625
2022-03-07,6959.5
2022-03-08,6964.10009765625
2022-03-09,7190.7001953125
2022-03-10,7099.10009765625
2022-03-11,7155.60009765625
2022-03-14,7193.5
2022-03-15,7175.7001953125
2022-03-16,7291.7001953125
2022-03-17,7385.2998046875
2022-03-18,7404.7001953125
2022-03-21,7442.39990234375
2022-03-22,7476.7001953125
2022-03-23,7460.60009765625
2022-03-24,7467.39990234375
2022-03-25,7483.39990234375
2022-03-28,7473.10009765625
2022-03-29,7537.2998046875
2022-03-30,7578.7998046875
2022-03-31,7515.7001953125
2022-04-01,7537.89990234375
2022-04-04,7558.89990234375
2022-04-05,7613.7001953125
2022-04-06,7587.7001953125
2022-04-07,7551.7998046875
2022-04-08,7669.60009765625
2022-04-11,7618.2998046875
2022-04-12,7576.7001953125
2022-04-13,7580.7998046875
2022-04-14,7616.39990234375
2022-04-19,7601.2998046875
2022-04-20,7629.2001953125
2022-04-21,7628.0
2022-04-22,7521.7001953125
2022-04-25,7380.5
2022-04-26,7386.2001953125
2022-04-27,7425.60009765625
2022-04-28,7509.2001953125
2022-04-29,7544.60009765625
2022-05-03,7561.2998046875
2022-05-04,7493.5
2022-05-05,7503.2998046875
2022-05-06,7387.89990234375
2022-05-09,7216.60009765625
2022-05-10,7243.2001953125
2022-05-11,7347.7001953125
2022-05-12,7233.2998046875
2022-05-13,7418.2001953125
2022-05-16,7464.7998046875
2022-05-17,7518.39990234375
2022-05-18,7438.10009765625
2022-05-19,7302.7001953125
2022-05-20,7390.0
2022-05-23,7513.39990234375
2022-05-24,7484.39990234375
2022-05-25,7522.7998046875
2022-05-26,7564.89990234375
2022-05-27,7585.5
2022-05-30,7600.10009765625
2022-05-31,7607.7001953125
2022-06-01,7533.0
2022-06-06,7608.2001953125
2022-06-07,7598.89990234375
2022-06-08,7593.0
2022-06-09,7476.2001953125
2022-06-10,7317.5
2022-06-13,7205.7998046875
2022-06-14,7187.5
2022-06-15,7273.39990234375
2022-06-16,7045.0
2022-06-17,7016.2998046875
2022-06-20,7121.7998046875
2022-06-21,7152.10009765625
2022-06-22,7089.2001953125
2022-06-23,7020.5
2022-06-24,7208.7998046875
2022-06-27,7258.2998046875
2022-06-28,7323.39990234375
2022-06-29,7312.2998046875
2022-06-30,7169.2998046875
2022-07-01,7168.7001953125
2022-07-04,7232.7001953125
2022-07-05,7025.5
2022-07-06,7107.7998046875
2022-07-07,7189.10009765625
2022-07-08,7196.2001953125
2022-07-11,7196.60009765625
2022-07-12,7209.89990234375
2022-07-13,7156.39990234375
2022-07-14,7039.7998046875
2022-07-15,7159.0
2022-07-18,7223.2001953125
2022-07-19,7296.2998046875
2022-07-20,7264.2998046875
2022-07-21,7270.5
2022-07-22,7276.39990234375
2022-07-25,7306.2998046875
2022-07-26,7306.2998046875
2022-07-27,7348.2001953125
2022-07-28,7345.2998046875
2022-07-29,7423.39990234375
2022-08-01,7413.39990234375
2022-08-02,7409.10009765625
2022-08-03,7445.7001953125
2022-08-04,7448.10009765625
2022-08-05,7439.7001953125
2022-08-08,7482.39990234375
2022-08-09,7488.2001953125
2022-08-10,7507.10009765625
2022-08-11,7465.89990234375
2022-08-12,7500.89990234375
2022-08-15,7509.2001953125
2022-08-16,7536.10009765625
2022-08-17,7515.7998046875
2022-08-18,7541.89990234375
2022-08-19,7550.39990234375
2022-08-22,7533.7998046875
2022-08-23,7488.10009765625
2022-08-24,7471.5
2022-08-25,7479.7001953125
2022-08-26,7427.2998046875
2022-08-30,7361.60009765625
2022-08-31,7284.2001953125
2022-09-01,7148.5
2022-09-02,7281.2001953125
2022-09-05,7287.39990234375
2022-09-06,7300.39990234375
2022-09-07,7237.7998046875
2022-09-08,7262.10009765625
2022-09-09,7351.10009765625
2022-09-12,7473.0
2022-09-13,7385.89990234375
2022-09-14,7277.2998046875
2022-09-15,7282.10009765625
2022-09-16,7236.7001953125
2022-09-20,7192.7001953125
2022-09-21,7237.60009765625
2022-09-22,7159.5
2022-09-23,7018.60009765625
2022-09-26,7021.0
2022-09-27,6984.60009765625
2022-09-28,7005.39990234375
2022-09-29,6881.60009765625
2022-09-30,6893.7998046875
2022-10-03,6908.7998046875
2022-10-04,7086.5
2022-10-05,7052.60009765625
2022-10-06,6997.2998046875
2022-10-07,6991.10009765625
2022-10-10,6959.2998046875
2022-10-11,6885.2001953125
2022-10-12,6826.2001953125
2022-10-13,6850.2998046875
2022-10-14,6858.7998046875
2022-10-17,6920.2001953125
2022-10-18,6936.7001953125
2022-10-19,6925.0
2022-10-20,6943.89990234375
2022-10-21,6969.7001953125
2022-10-24,7014.0
2022-10-25,7013.5
2022-10-26,7056.10009765625
2022-10-27,7073.7001953125
2022-10-28,7047.7001953125
2022-10-31,7094.5
2022-11-01,7186.2001953125
2022-11-02,7144.10009765625
2022-11-03,7188.60009765625
2022-11-04,7334.7998046875
2022-11-07,7300.0
2022-11-08,7306.10009765625
2022-11-09,7296.2998046875
2022-11-10,7375.2998046875
2022-11-11,7318.0
2022-11-14,7385.2001953125
2022-11-15,7369.39990234375
2022-11-16,7351.2001953125
2022-11-17,7346.5
2022-11-18,7385.5
2022-11-21,7376.89990234375
2022-11-22,7452.7998046875
2022-11-23,7465.2001953125
2022-11-24,7466.60009765625
2022-11-25,7486.7001953125
2022-11-28,7474.0
2022-11-29,7512.0
2022-11-30,7573.10009765625
2022-12-01,7558.5
2022-12-02,7556.2001953125
2022-12-05,7567.5
2022-12-06,7521.39990234375
2022-12-07,7489.2001953125
2022-12-08,7472.2001953125
2022-12-09,7476.60009765625
2022-12-12,7446.0
2022-12-13,7502.89990234375
2022-12-14,7495.89990234375
2022-12-15,7426.2001953125
2022-12-16,7332.10009765625
2022-12-19,7361.2998046875
2022-12-20,7370.60009765625
2022-12-21,7497.2998046875
2022-12-22,7469.2998046875
2022-12-23,7473.0
2022-12-28,7497.2001953125
2022-12-29,7512.7001953125
2022-12-30,7451.7001953125
2023-01-03,7554.10009765625
2023-01-04,7585.2001953125
2023-01-05,7633.5
2023-01-06,7699.5
2023-01-09,7724.89990234375
2023-01-10,7694.5
2023-01-11,7725.0
2023-01-12,7794.0
2023-01-13,7844.10009765625
2023-01-16,7860.10009765625
2023-01-17,7851.0
2023-01-18,7830.7001953125
2023-01-19,7747.2998046875
2023-01-20,7770.60009765625
2023-01-23,7784.7001953125
2023-01-24,7757.39990234375
2023-01-25,7744.89990234375
2023-01-26,7761.10009765625
2023-01-27,7765.2001953125
2023-01-30,7784.89990234375
2023-01-31,7771.7001953125
2023-02-01,7761.10009765625
2023-02-02,7820.2001953125
2023-02-03,7901.7998046875
2023-02-06,7836.7001953125
2023-02-07,7864.7001953125
2023-02-08,7885.2001953125
2023-02-09,7911.2001953125
2023-02-10,7882.5
2023-02-13,7947.60009765625
2023-02-14,7953.89990234375
2023-02-15,7997.7998046875
2023-02-16,8012.5
2023-02-17,8004.39990234375
2023-02-20,8014.2998046875
2023-02-21,7977.7998046875
2023-02-22,7930.60009765625
2023-02-23,7907.7001953125
2023-02-24,7878.7001953125
2023-02-27,7935.10009765625
2023-02-28,7876.2998046875
2023-03-01,7914.89990234375
2023-03-02,7944.0
2023-03-03,7947.10009765625
2023-03-06,7929.7998046875
2023-03-07,7919.5
2023-03-08,7929.89990234375
2023-03-09,7880.0
2023-03-10,7748.39990234375
2023-03-13,7548.60009765625
2023-03-14,7637.10009765625
2023-03-15,7344.5
2023-03-16,7410.0
2023-03-17,7335.39990234375
2023-03-20,7403.89990234375
2023-03-21,7536.2001953125
2023-03-22,7566.7998046875
2023-03-23,7499.60009765625
2023-03-24,7405.5
2023-03-27,7471.7998046875
2023-03-28,7484.2998046875
2023-03-29,7564.2998046875
2023-03-30,7620.39990234375
2023-03-31,7631.7001953125
2023-04-03,7673.0
2023-04-04,7634.5
2023-04-05,7662.89990234375
2023-04-06,7741.60009765625
2023-04-11,7785.7001953125
2023-04-12,7824.7998046875
2023-04-13,7843.39990234375
2023-04-14,7871.89990234375
2023-04-17,7879.5
2023-04-18,7909.39990234375
2023-04-19,7898.7998046875
2023-04-20,7902.60009765625
2023-04-21,7914.10009765625
2023-04-24,7912.2001953125
2023-04-25,7891.10009765625
2023-04-26,7852.60009765625
2023-04-27,7831.60009765625
2023-04-28,7870.60009765625
2023-05-02,7773.0
2023-05-03,7788.39990234375
2023-05-04,7702.60009765625
2023-05-05,7778.39990234375
2023-05-09,7764.10009765625
2023-05-10,7741.2998046875
2023-05-11,7730.60009765625
2023-05-12,7754.60009765625
2023-05-15,7777.7001953125
2023-05-16,7751.10009765625
2023-05-17,7723.2001953125
2023-05-18,7742.2998046875
2023-05-19,7756.89990234375
2023-05-22,7771.0
2023-05-23,7763.0
2023-05-24,7627.10009765625
2023-05-25,7570.89990234375
2023-05-26,7627.2001953125
2023-05-30,7522.10009765625
2023-05-31,7446.10009765625
2023-06-01,7490.2998046875
2023-06-02,7607.2998046875
2023-06-05,7600.0
2023-06-06,7628.10009765625
2023-06-07,7624.2998046875
2023-06-08,7599.7001953125
2023-06-09,7562.39990234375
2023-06-12,7570.7001953125
2023-06-13,7594.7998046875
2023-06-14,7602.7001953125
2023-06-15,7628.2998046875
2023-06-16,7642.7001953125
2023-06-19,7588.5
2023-06-20,7569.2998046875
2023-06-21,7559.2001953125
2023-06-22,7502.0
2023-06-23,7461.89990234375
2023-06-26,7453.60009765625
2023-06-27,7461.5
2023-06-28,7500.5
2023-06-29,7471.7001953125
2023-06-30,7531.5
2023-07-03,7527.2998046875
2023-07-04,7519.7001953125
2023-07-05,7442.10009765625
2023-07-06,7280.5
2023-07-07,7256.89990234375
2023-07-10,7273.7998046875
2023-07-11,7282.5
2023-07-12,7416.10009765625
2023-07-13,7440.2001953125
2023-07-14,7434.60009765625
2023-07-17,7406.39990234375
2023-07-18,7453.7001953125
2023-07-19,7588.2001953125
2023-07-20,7646.10009765625
2023-07-21,7663.7001953125
2023-07-24,7678.60009765625
2023-07-25,7691.7998046875
2023-07-26,7676.89990234375
2023-07-27,7692.7998046875
2023-07-28,7694.2998046875
2023-07-31,7699.39990234375
2023-08-01,7666.2998046875
2023-08-02,7561.60009765625
2023-08-03,7529.2001953125
2023-08-04,7564.39990234375
2023-08-07,7554.5
2023-08-08,7527.39990234375
2023-08-09,7587.2998046875
2023-08-10,7618.60009765625
2023-08-11,7524.2001953125
2023-08-14,7507.2001953125
2023-08-15,7389.60009765625
2023-08-16,7356.89990234375
2023-08-17,7310.2001953125
2023-08-18,7262.39990234375
2023-08-21,7257.7998046875
2023-08-22,7270.7998046875
2023-08-23,7320.5
2023-08-24,7333.60009765625
2023-08-25,7338.60009765625
2023-08-29,7465.0
2023-08-30,7473.7001953125
2023-08-31,7439.10009765625
2023-09-01,7464.5
2023-09-04,7452.7998046875
2023-09-05,7437.89990234375
2023-09-06,7426.10009765625
2023-09-07,7441.7001953125
2023-09-08,7478.2001953125
2023-09-11,7496.89990234375
2023-09-12,7527.5
2023-09-13,7526.0
2023-09-14,7673.10009765625
2023-09-15,7711.39990234375
2023-09-18,7652.89990234375
2023-09-19,7660.2001953125
2023-09-20,7731.7001953125
2023-09-21,7678.60009765625
2023-09-22,7683.89990234375
2023-09-25,7624.0
2023-09-26,7625.7001953125
2023-09-27,7593.2001953125
2023-09-28,7601.89990234375
2023-09-29,7608.10009765625
2023-10-02,7510.7001953125
2023-10-03,7470.2001953125
2023-10-04,7412.5
2023-10-05,7451.5
2023-10-06,7494.60009765625
2023-10-09,7492.2001953125
2023-10-10,7628.2001953125
2023-10-11,7620.0
2023-10-12,7644.7998046875
2023-10-13,7599.60009765625
2023-10-16,7630.60009765625
2023-10-17,7675.2001953125
2023-10-18,7588.0
2023-10-19,7499.5
2023-10-20,7402.10009765625
2023-10-23,7374.7998046875
2023-10-24,7389.7001953125
2023-10-25,7414.2998046875
2023-10-26,7354.60009765625
2023-10-27,7291.2998046875
2023-10-30,7327.39990234375
2023-10-31,7321.7001953125
2023-11-01,7342.39990234375
2023-11-02,7446.5
2023-11-03,7417.7001953125
2023-11-06,7417.7998046875
2023-11-07,7410.0
2023-11-08,7401.7001953125
2023-11-09,7455.7001953125
2023-11-10,7360.60009765625
2023-11-13,7425.7998046875
2023-11-14,7440.5
2023-11-15,7486.89990234375
2023-11-16,7411.0
2023-11-17,7504.2998046875
2023-11-20,7496.39990234375
2023-11-21,7482.0
2023-11-22,7469.5
2023-11-23,7483.60009765625
2023-11-24,7488.2001953125
2023-11-27,7460.7001953125
2023-11-28,7455.2001953125
2023-11-29,7423.5
2023-11-30,7453.7998046875
2023-12-01,7529.39990234375
2023-12-04,7513.0
2023-12-05,7489.7998046875
2023-12-06,7515.39990234375
2023-12-07,7513.7001953125
2023-12-08,7554.5
2023-12-11,7544.89990234375
2023-12-12,7542.7998046875
2023-12-13,7548.39990234375
2023-12-14,7649.0
2023-12-15,7576.39990234375
2023-12-18,7614.5
2023-12-19,7638.0
2023-12-20,7715.7001953125
2023-12-21,7694.7001953125
2023-12-22,7697.5
2023-12-27,7725.0
2023-12-28,7722.7001953125
2023-12-29,7733.2001953125
